tag,model,Position,Velocity,Attitude,Body rate
cross_PYB,nl,2.168165e-06,5.668925e-05,5.618580e-04,2.275456e-03
cross_PYB,lin,2.168165e-06,6.848848e-04,5.618580e-04,2.221539e-03
cross_DYN,nl,2.219841e-06,3.781201e-18,5.620358e-04,2.294270e-03
cross_DYN,lin,2.219841e-06,6.821356e-04,5.620358e-04,2.250002e-03
cross_PYB_GND_DRAG_DW,nl,2.165896e-06,1.228989e-04,5.555307e-04,2.289943e-03
cross_PYB_GND_DRAG_DW,lin,2.165896e-06,7.265395e-04,5.555307e-04,2.236022e-03
plus_PYB,nl,1.965071e-06,4.890237e-05,3.668959e-04,8.875477e-04
plus_PYB,lin,1.965071e-06,6.205004e-04,3.668959e-04,8.863570e-04
plus_DYN,nl,2.061147e-06,3.742296e-18,3.709354e-04,1.036521e-03
plus_DYN,lin,2.061147e-06,6.661188e-04,3.709354e-04,1.034193e-03
plus_PYB_GND_DRAG_DW,nl,1.945925e-06,1.197195e-04,3.660715e-04,8.597179e-04
plus_PYB_GND_DRAG_DW,lin,1.945925e-06,5.992297e-04,3.660715e-04,8.588541e-04
