0.000000000000000000e+00,2.593098217970161458e-05
2.083333333333333218e-02,7.084650391434471920e-05
4.166666666666666435e-02,1.343056209384275567e-04
6.250000000000000000e-02,1.233692340022338402e-04
8.333333333333332871e-02,1.491613961416408973e-04
1.041666666666666574e-01,1.916793249326757831e-04
1.250000000000000000e-01,1.221368814465299260e-04
1.458333333333333148e-01,1.640963391128517272e-04
1.666666666666666574e-01,2.123833571780255351e-04
1.875000000000000000e-01,5.189684134565425037e-05
2.083333333333333148e-01,1.599076458439490527e-04
2.291666666666666574e-01,2.326360295275446753e-04
2.500000000000000000e-01,-1.192813835233811292e-04
2.708333333333333148e-01,1.553718244980220890e-04
2.916666666666666297e-01,2.535457630503478821e-04
3.125000000000000000e-01,-6.827118487229791744e-04
3.333333333333333148e-01,-1.369805335252267768e-03
3.541666666666666297e-01,-8.008160778434610452e-04
3.750000000000000000e-01,-2.883851391042757846e-04
3.958333333333333148e-01,-1.364703302279366131e-03
4.166666666666666297e-01,-2.854406825448059168e-03
4.375000000000000000e-01,-2.807552247647685829e-03
4.583333333333333148e-01,-2.256709182233346007e-03
4.791666666666666297e-01,-3.212073956871460290e-03
5.000000000000000000e-01,-4.641942772354989456e-03
5.208333333333332593e-01,-4.527514552211424001e-03
5.416666666666666297e-01,-3.957825102606460539e-03
5.625000000000000000e-01,-5.004357003621771362e-03
5.833333333333332593e-01,-6.600309725391588327e-03
6.041666666666666297e-01,-6.637124858301529998e-03
6.250000000000000000e-01,-6.208903329839461291e-03
6.458333333333332593e-01,-7.399713912861583670e-03
6.666666666666666297e-01,-9.054962588147395103e-03
6.875000000000000000e-01,-8.978991042615709975e-03
7.083333333333332593e-01,-8.223056167046528808e-03
7.291666666666666297e-01,-8.918241814337460674e-03
7.500000000000000000e-01,-9.852077955021481051e-03
7.708333333333332593e-01,-8.869780935904599331e-03
7.916666666666666297e-01,-7.094317265519106859e-03
8.125000000000000000e-01,-6.812341720063139726e-03
8.333333333333332593e-01,-6.887836138916782203e-03
8.541666666666666297e-01,-5.200211249039089420e-03
8.750000000000000000e-01,-2.928099434319413313e-03
8.958333333333332593e-01,-2.409503913167100001e-03
9.166666666666666297e-01,-2.524824820407716320e-03
9.375000000000000000e-01,-1.149150086854539444e-03
9.583333333333332593e-01,4.334196843207441599e-04
9.791666666666666297e-01,-1.437875322856893318e-04
1.000000000000000000e+00,-1.796409408009175170e-03
1.020833333333333259e+00,-2.509756739634294489e-03
1.041666666666666519e+00,-3.182605992974685792e-03
1.062500000000000000e+00,-4.653024386873212681e-03
1.083333333333333259e+00,-5.433269649611523547e-03
1.104166666666666519e+00,-4.984988645899865803e-03
1.125000000000000000e+00,-4.988425060613189271e-03
1.145833333333333259e+00,-4.881371222129943580e-03
1.166666666666666519e+00,-3.005939092387378136e-03
1.187500000000000000e+00,-6.582160687025376787e-04
1.208333333333333259e+00,-1.814540049831616167e-04
1.229166666666666519e+00,-2.869552033676380301e-04
1.250000000000000000e+00,1.286090694550286575e-03
1.270833333333333259e+00,3.387553227639288674e-03
1.291666666666666519e+00,3.696852418688717414e-03
1.312500000000000000e+00,3.451033746704214138e-03
1.333333333333333259e+00,4.881614319314458821e-03
1.354166666666666519e+00,6.841681339726819223e-03
1.375000000000000000e+00,6.971817919839445009e-03
1.395833333333333259e+00,6.548007625987538501e-03
1.416666666666666519e+00,7.843888612465274926e-03
1.437500000000000000e+00,9.708862120311478189e-03
1.458333333333333259e+00,9.855700963013108717e-03
1.479166666666666519e+00,9.507446412897498436e-03
1.500000000000000000e+00,1.024699884850293306e-02
1.520833333333333259e+00,1.060207963897431653e-02
1.541666666666666519e+00,8.182784505093923522e-03
1.562500000000000000e+00,4.283309361564879500e-03
1.583333333333333259e+00,1.192514136810846276e-03
1.604166666666666519e+00,-2.253579482173995088e-03
1.625000000000000000e+00,-8.433029788248237388e-03
1.645833333333333259e+00,-1.605558596496655180e-02
1.666666666666666519e+00,-2.276128797581368837e-02
1.687500000000000000e+00,-2.901968149052265231e-02
1.708333333333333259e+00,-3.671421824384292487e-02
1.729166666666666519e+00,-4.449392113618665101e-02
1.750000000000000000e+00,-5.011338555955158203e-02
1.770833333333333259e+00,-5.471985094091316032e-02
1.791666666666666519e+00,-6.064839058024240614e-02
1.812500000000000000e+00,-6.672520944672545584e-02
1.833333333333333259e+00,-7.068998566061653055e-02
1.854166666666666519e+00,-7.371953042793652489e-02
1.875000000000000000e+00,-7.818001673319836808e-02
1.895833333333333259e+00,-8.277984141051193678e-02
1.916666666666666519e+00,-8.516618994363255035e-02
1.937500000000000000e+00,-8.645730816685896769e-02
1.958333333333333259e+00,-8.895359015238162026e-02
1.979166666666666519e+00,-9.131458214316619248e-02
2.000000000000000000e+00,-9.113196262460618313e-02
2.020833333333333037e+00,-8.950214851614227141e-02
2.041666666666666519e+00,-8.860579500082386983e-02
2.062500000000000000e+00,-8.727341030068795635e-02
2.083333333333333037e+00,-8.462546338623984366e-02
2.104166666666666519e+00,-8.229780881845163987e-02
2.125000000000000000e+00,-8.150369466542776997e-02
2.145833333333333037e+00,-8.063933303453638124e-02
2.166666666666666519e+00,-7.841978749030334428e-02
2.187500000000000000e+00,-7.642648587166253615e-02
2.208333333333333037e+00,-7.685197717328540179e-02
2.229166666666666519e+00,-7.830942660660998589e-02
2.250000000000000000e+00,-7.830166367008810357e-02
2.270833333333333037e+00,-7.795859136211370777e-02
2.291666666666666519e+00,-7.950093766801433204e-02
2.312500000000000000e+00,-8.158825761625955464e-02
2.333333333333333037e+00,-8.173407980583399790e-02
2.354166666666666519e+00,-8.097503915505029071e-02
2.375000000000000000e+00,-8.153360048890043177e-02
2.395833333333333037e+00,-8.249148528320079943e-02
2.416666666666666519e+00,-8.268246971704211468e-02
2.437500000000000000e+00,-8.359589483496850104e-02
2.458333333333333037e+00,-8.686389828373143607e-02
2.479166666666666519e+00,-9.087877779693451230e-02
2.500000000000000000e+00,-9.314499656406384498e-02
2.520833333333333037e+00,-9.470211543422814293e-02
2.541666666666666519e+00,-9.773473934875570590e-02
2.562500000000000000e+00,-1.009982658686067736e-01
2.583333333333333037e+00,-1.029911887869474213e-01
2.604166666666666519e+00,-1.051810933216959232e-01
2.625000000000000000e+00,-1.097495117638053463e-01
2.645833333333333037e+00,-1.153437612313342880e-01
2.666666666666666519e+00,-1.194732549779465580e-01
2.687500000000000000e+00,-1.231851096887992825e-01
2.708333333333333037e+00,-1.286654931145194414e-01
2.729166666666666519e+00,-1.345406880244864878e-01
2.750000000000000000e+00,-1.383172230239225198e-01
2.770833333333333037e+00,-1.410435018790170414e-01
2.791666666666666519e+00,-1.449074990129444185e-01
2.812500000000000000e+00,-1.485907459262063024e-01
2.833333333333333037e+00,-1.500410694868440087e-01
2.854166666666666519e+00,-1.504957155018434301e-01
2.875000000000000000e+00,-1.521436920039901664e-01
2.895833333333333037e+00,-1.537407961206325446e-01
2.916666666666666519e+00,-1.538108042329307812e-01
2.937500000000000000e+00,-1.538390252329913943e-01
2.958333333333333037e+00,-1.560139601770996753e-01
2.979166666666666519e+00,-1.589828841305169493e-01
3.000000000000000000e+00,-1.602489260727162634e-01
3.020833333333333037e+00,-1.608576099908636814e-01
3.041666666666666519e+00,-1.630037126045442708e-01
3.062500000000000000e+00,-1.653169581164356527e-01
3.083333333333333037e+00,-1.652951575666746775e-01
3.104166666666666519e+00,-1.639836700603568842e-01
3.125000000000000000e+00,-1.636893895445081237e-01
3.145833333333333037e+00,-1.639586706192813492e-01
3.166666666666666519e+00,-1.629354513992518072e-01
3.187500000000000000e+00,-1.617933861724719091e-01
3.208333333333333037e+00,-1.627326260738820307e-01
3.229166666666666519e+00,-1.643873728853081362e-01
3.250000000000000000e+00,-1.642618716416712199e-01
3.270833333333333037e+00,-1.634446293702680741e-01
3.291666666666666519e+00,-1.641413929622539403e-01
3.312500000000000000e+00,-1.651431989815474455e-01
3.333333333333333037e+00,-1.651219698979624340e-01
3.354166666666666519e+00,-1.656108838586382859e-01
3.375000000000000000e+00,-1.687878887830107921e-01
3.395833333333333037e+00,-1.733021243156192270e-01
3.416666666666666519e+00,-1.766598661047578955e-01
3.437500000000000000e+00,-1.798890070662721719e-01
3.458333333333333037e+00,-1.851724938385681529e-01
3.479166666666666519e+00,-1.912201304571545801e-01
3.500000000000000000e+00,-1.955512791766044756e-01
3.520833333333333037e+00,-1.992557061723931877e-01
3.541666666666666519e+00,-2.045397483564370122e-01
3.562500000000000000e+00,-2.100340639651072927e-01
3.583333333333333037e+00,-2.132422648611833338e-01
3.604166666666666519e+00,-2.152114125285133073e-01
3.625000000000000000e+00,-2.181338578813060425e-01
3.645833333333333037e+00,-2.206390687853573007e-01
3.666666666666666519e+00,-2.202315583671031751e-01
3.687500000000000000e+00,-2.179631600014338144e-01
3.708333333333333037e+00,-2.161108720824411467e-01
3.729166666666666519e+00,-2.140819821917872845e-01
3.750000000000000000e+00,-2.107051218892078415e-01
3.770833333333333037e+00,-2.074346246728014653e-01
3.791666666666666519e+00,-2.060198726033448113e-01
3.812500000000000000e+00,-2.048959620324680431e-01
3.833333333333333037e+00,-2.015666583929814071e-01
3.854166666666666519e+00,-1.970829136319861841e-01
3.875000000000000000e+00,-1.936938163149741765e-01
3.895833333333333037e+00,-1.906417216561043237e-01
3.916666666666666519e+00,-1.868040524475076680e-01
3.937500000000000000e+00,-1.836536290897484158e-01
3.958333333333333037e+00,-1.826518307278270914e-01
3.979166666666666519e+00,-1.821133755281846289e-01
4.000000000000000000e+00,-1.795407166375329044e-01
4.020833333333333037e+00,-1.759794504361568701e-01
4.041666666666666075e+00,-1.737447045651839828e-01
4.062500000000000000e+00,-1.724730070776866186e-01
4.083333333333333037e+00,-1.701830474807818905e-01
4.104166666666666075e+00,-1.679954699250338912e-01
4.125000000000000000e+00,-1.681161295672065903e-01
4.145833333333333037e+00,-1.691882843799541736e-01
4.166666666666666075e+00,-1.687207737702780541e-01
4.187500000000000000e+00,-1.677438800000620733e-01
4.208333333333333037e+00,-1.684431463562294506e-01
4.229166666666666075e+00,-1.696189750065400237e-01
4.250000000000000000e+00,-1.697046310932519009e-01
4.270833333333333037e+00,-1.701426095878076639e-01
4.291666666666666075e+00,-1.731258945163881569e-01
4.312500000000000000e+00,-1.772800915120059384e-01
4.333333333333333037e+00,-1.801011592369267944e-01
4.354166666666666075e+00,-1.826356996748092210e-01
4.375000000000000000e+00,-1.870752574355794562e-01
4.395833333333333037e+00,-1.920459698620783084e-01
4.416666666666666075e+00,-1.950490965221737261e-01
4.437500000000000000e+00,-1.971338162248810200e-01
4.458333333333333037e+00,-2.004920831125077407e-01
4.479166666666666075e+00,-2.037508706571661554e-01
4.500000000000000000e+00,-2.044130774904759640e-01
4.520833333333333037e+00,-2.035309093995592844e-01
4.541666666666666075e+00,-2.032988285458127431e-01
4.562500000000000000e+00,-2.025259891270862755e-01
4.583333333333333037e+00,-2.001697226918045802e-01
4.604166666666666075e+00,-1.978467520142345171e-01
4.625000000000000000e+00,-1.970411781064360934e-01
4.645833333333333037e+00,-1.960772195747413349e-01
4.666666666666666075e+00,-1.924638153527579443e-01
4.687500000000000000e+00,-1.872466881836063468e-01
4.708333333333333037e+00,-1.828066894179877777e-01
4.729166666666666075e+00,-1.792940314095849974e-01
4.750000000000000000e+00,-1.748833769142255634e-01
4.770833333333333037e+00,-1.706135755639267837e-01
4.791666666666666075e+00,-1.686704284879314564e-01
4.812500000000000000e+00,-1.676874344106191461e-01
4.833333333333333037e+00,-1.651655863889767151e-01
4.854166666666666075e+00,-1.621436064636573582e-01
4.875000000000000000e+00,-1.608113332572567999e-01
4.895833333333333037e+00,-1.598097781850605914e-01
4.916666666666666075e+00,-1.566428023803323188e-01
4.937500000000000000e+00,-1.523521963549531733e-01
4.958333333333333037e+00,-1.492261083528039767e-01
4.979166666666666075e+00,-1.467399765033645109e-01
5.000000000000000000e+00,-1.433041168036587598e-01
5.020833333333333037e+00,-1.402122664176320421e-01
5.041666666666666075e+00,-1.396505927893084698e-01
5.062500000000000000e+00,-1.402456584168694231e-01
5.083333333333333037e+00,-1.394985038838015001e-01
5.104166666666666075e+00,-1.384558530249212771e-01
5.125000000000000000e+00,-1.393042160601303536e-01
5.145833333333333037e+00,-1.406693521914741951e-01
5.166666666666666075e+00,-1.400562014996163396e-01
5.187500000000000000e+00,-1.385153030017312326e-01
5.208333333333333037e+00,-1.382336522219420605e-01
5.229166666666666075e+00,-1.379230680046868440e-01
5.250000000000000000e+00,-1.357801529553591402e-01
5.270833333333333037e+00,-1.331577899741274162e-01
5.291666666666666075e+00,-1.322408386271765046e-01
5.312500000000000000e+00,-1.316534865747338579e-01
5.333333333333333037e+00,-1.289028632195277357e-01
5.354166666666666075e+00,-1.250406366482648690e-01
5.375000000000000000e+00,-1.222901648886729892e-01
5.395833333333333037e+00,-1.197415197573436646e-01
5.416666666666666075e+00,-1.163853152965946269e-01
5.437500000000000000e+00,-1.136958531220693541e-01
5.458333333333333037e+00,-1.124817521782497803e-01
5.479166666666666075e+00,-1.110623728090303353e-01
5.500000000000000000e+00,-1.092185111813884779e-01
5.520833333333333037e+00,-1.085394624309378164e-01
5.541666666666666075e+00,-1.077837110787211866e-01
5.562500000000000000e+00,-1.055072232851636260e-01
5.583333333333333037e+00,-1.032205578311760075e-01
5.604166666666666075e+00,-1.030839034852624458e-01
5.625000000000000000e+00,-1.037335181498897363e-01
5.645833333333333037e+00,-1.026852008692725332e-01
5.666666666666666075e+00,-1.010022556058403354e-01
5.687500000000000000e+00,-1.008415967333449181e-01
5.708333333333333037e+00,-1.008306447280804263e-01
5.729166666666666075e+00,-9.849458216805016819e-02
5.750000000000000000e+00,-9.490738768892749422e-02
5.770833333333333037e+00,-9.222533426321168071e-02
5.791666666666666075e+00,-8.932942721873178560e-02
5.812500000000000000e+00,-8.531080919854852618e-02
5.833333333333333037e+00,-8.176207446915241539e-02
5.854166666666666075e+00,-7.964108801203244326e-02
5.875000000000000000e+00,-7.726536143519723010e-02
5.895833333333333037e+00,-7.370814677714875029e-02
5.916666666666666075e+00,-7.056884513277300597e-02
5.937500000000000000e+00,-6.882717149475245377e-02
5.958333333333333037e+00,-6.680138823513750990e-02
5.979166666666666075e+00,-6.353149780898574572e-02
6.000000000000000000e+00,-6.061649746824895185e-02
6.020833333333333037e+00,-5.913691776234995812e-02
6.041666666666666075e+00,-5.741564144551505183e-02
6.062500000000000000e+00,-5.414476245850231850e-02
6.083333333333333037e+00,-5.089929087252699491e-02
6.104166666666666075e+00,-4.985162785825883458e-02
6.125000000000000000e+00,-4.964627870670103998e-02
6.145833333333333037e+00,-4.780181663513850127e-02
6.166666666666666075e+00,-4.538181780970645951e-02
6.187500000000000000e+00,-4.454118642880681989e-02
6.208333333333333037e+00,-4.390643087735043859e-02
6.229166666666666075e+00,-4.100367056537716076e-02
6.250000000000000000e+00,-3.690789283430733619e-02
6.270833333333333037e+00,-3.376624151559372289e-02
6.291666666666666075e+00,-3.038554680467616537e-02
6.312500000000000000e+00,-2.567767619150261235e-02
6.333333333333333037e+00,-2.126860152132260470e-02
6.354166666666666075e+00,-1.884971923476724820e-02
6.375000000000000000e+00,-1.687798150024574437e-02
6.395833333333333037e+00,-1.307401370866334393e-02
6.416666666666666075e+00,-8.593847994329443379e-03
6.437500000000000000e+00,-5.844767098093939933e-03
6.458333333333333037e+00,-3.574477639185532577e-03
6.479166666666666075e+00,4.925934672044996344e-04
6.500000000000000000e+00,5.197283264586531094e-03
6.520833333333333037e+00,8.150111325423614952e-03
6.541666666666666075e+00,1.053603893639585773e-02
6.562500000000000000e+00,1.460082278738215021e-02
6.583333333333333037e+00,1.907727551377443737e-02
6.604166666666666075e+00,2.148200315819602871e-02
6.625000000000000000e+00,2.288766002932151114e-02
6.645833333333333037e+00,2.551307317072853964e-02
6.666666666666666075e+00,2.799054269304826481e-02
6.687500000000000000e+00,2.791030820857660910e-02
6.708333333333333037e+00,2.639904872222973570e-02
6.729166666666666075e+00,2.578743737714280296e-02
6.750000000000000000e+00,2.595373000949253300e-02
6.770833333333333037e+00,2.499064416049519982e-02
6.791666666666666075e+00,2.398274149839036903e-02
6.812500000000000000e+00,2.508117819128501819e-02
6.833333333333333037e+00,2.691903445879965939e-02
6.854166666666666075e+00,2.710052120963546418e-02
6.875000000000000000e+00,2.670730747796570478e-02
6.895833333333333037e+00,2.792059925379189803e-02
6.916666666666666075e+00,2.954482665956109644e-02
6.937500000000000000e+00,3.046572670217818565e-02
6.958333333333333037e+00,3.225569969998581116e-02
6.979166666666666075e+00,3.630919133714390068e-02
7.000000000000000000e+00,4.089575508923572189e-02
7.020833333333333037e+00,4.354763984185960890e-02
7.041666666666666075e+00,4.535448255258359151e-02
7.062500000000000000e+00,4.852024096575304618e-02
7.083333333333333037e+00,5.200450882148608539e-02
7.104166666666666075e+00,5.479321210147425347e-02
7.125000000000000000e+00,5.838926137721905940e-02
7.145833333333333037e+00,6.356991375309480052e-02
7.166666666666666075e+00,6.857852028269412203e-02
7.187500000000000000e+00,7.297256893369789832e-02
7.208333333333333037e+00,7.828255169517864265e-02
7.229166666666666075e+00,8.339996227633728054e-02
7.250000000000000000e+00,8.742209477291916497e-02
7.270833333333333037e+00,9.185872616748713693e-02
7.291666666666666075e+00,9.721563458020208992e-02
7.312500000000000000e+00,1.017864910072538293e-01
7.333333333333333037e+00,1.063327046183308450e-01
7.354166666666666075e+00,1.122205907229489180e-01
7.375000000000000000e+00,1.177566176420098559e-01
7.395833333333333037e+00,1.205011054131348985e-01
7.416666666666666075e+00,1.215541447633119998e-01
7.437500000000000000e+00,1.232043155349221986e-01
7.458333333333333037e+00,1.251363113712375963e-01
7.479166666666666075e+00,1.253795366909171982e-01
7.500000000000000000e+00,1.250204037533597934e-01
7.520833333333333037e+00,1.262173064823980673e-01
7.541666666666666075e+00,1.276269641957844536e-01
7.562500000000000000e+00,1.269813866438645189e-01
7.583333333333333037e+00,1.254234572179738771e-01
7.604166666666666075e+00,1.251539199426572324e-01
7.625000000000000000e+00,1.252524389471466049e-01
7.645833333333333037e+00,1.246945649620406493e-01
7.666666666666666075e+00,1.250066683189176020e-01
7.687500000000000000e+00,1.272917707311726487e-01
7.708333333333333037e+00,1.298064899333108424e-01
7.729166666666666075e+00,1.309753076318923293e-01
7.750000000000000000e+00,1.322641375568757716e-01
7.770833333333333037e+00,1.359105512895628087e-01
7.791666666666666075e+00,1.405524671612587706e-01
7.812500000000000000e+00,1.437503677394497414e-01
7.833333333333333037e+00,1.465792272722827860e-01
7.854166666666666075e+00,1.511976678812753105e-01
7.875000000000000000e+00,1.562305647135284747e-01
7.895833333333333037e+00,1.592393612298220462e-01
7.916666666666666075e+00,1.612996641678973442e-01
7.937500000000000000e+00,1.645628854109553729e-01
7.958333333333333037e+00,1.676940017170324704e-01
7.979166666666666075e+00,1.685611881881542429e-01
8.000000000000000000e+00,1.683560559179652916e-01
8.020833333333332149e+00,1.692325501300553370e-01
8.041666666666666075e+00,1.700201946145696030e-01
8.062500000000000000e+00,1.698083539537780517e-01
8.083333333333332149e+00,1.701847426464360713e-01
8.104166666666666075e+00,1.720401714639737401e-01
8.125000000000000000e+00,1.736490482331339014e-01
8.145833333333332149e+00,1.744623157298061389e-01
8.166666666666666075e+00,1.760510528615436554e-01
8.187500000000000000e+00,1.779255984510160760e-01
8.208333333333332149e+00,1.781089020850078475e-01
8.229166666666666075e+00,1.779540628607439168e-01
8.250000000000000000e+00,1.797499017465504501e-01
8.270833333333332149e+00,1.823296607767482536e-01
8.291666666666666075e+00,1.833484212056193385e-01
8.312500000000000000e+00,1.840843014056653681e-01
8.333333333333332149e+00,1.867954164657555371e-01
8.354166666666666075e+00,1.903243681088213901e-01
8.375000000000000000e+00,1.923078237834872362e-01
8.395833333333332149e+00,1.940242233494546276e-01
8.416666666666666075e+00,1.977360838075601646e-01
8.437500000000000000e+00,2.022873836946506299e-01
8.458333333333332149e+00,2.053171244191777656e-01
8.479166666666666075e+00,2.079758935963344491e-01
8.500000000000000000e+00,2.116488108171418470e-01
8.520833333333332149e+00,2.148057517254207960e-01
8.541666666666666075e+00,2.150870856184825264e-01
8.562500000000000000e+00,2.137751134496740646e-01
8.583333333333332149e+00,2.131468052265632906e-01
8.604166666666666075e+00,2.121577109126931426e-01
8.625000000000000000e+00,2.093194110910364114e-01
8.645833333333332149e+00,2.063144758417987390e-01
8.666666666666666075e+00,2.054896303022342163e-01
8.687500000000000000e+00,2.057069378175635510e-01
8.708333333333332149e+00,2.046223237925852145e-01
8.729166666666666075e+00,2.035158919533964772e-01
8.750000000000000000e+00,2.044247157830958450e-01
8.770833333333332149e+00,2.060776361055428052e-01
8.791666666666666075e+00,2.061035309771135637e-01
8.812500000000000000e+00,2.057890974270435436e-01
8.833333333333332149e+00,2.074041422177618776e-01
8.854166666666666075e+00,2.097889663321967080e-01
8.875000000000000000e+00,2.105807182007503331e-01
8.895833333333332149e+00,2.109706916567994917e-01
8.916666666666666075e+00,2.128174265272076426e-01
8.937500000000000000e+00,2.147936558737683077e-01
8.958333333333332149e+00,2.145370360231762807e-01
8.979166666666666075e+00,2.133408844317169761e-01
9.000000000000000000e+00,2.134960617143752126e-01
9.020833333333332149e+00,2.138142575330638229e-01
9.041666666666666075e+00,2.119206705176773509e-01
9.062500000000000000e+00,2.091199598648566804e-01
9.083333333333332149e+00,2.076946579359754963e-01
9.104166666666666075e+00,2.064807635824422727e-01
9.125000000000000000e+00,2.031055242612104239e-01
9.145833333333332149e+00,1.988486079860774802e-01
9.166666666666666075e+00,1.959711002191967255e-01
9.187500000000000000e+00,1.933209734565976556e-01
9.208333333333332149e+00,1.885566321989559369e-01
9.229166666666666075e+00,1.828897480869537961e-01
9.250000000000000000e+00,1.785817723342166263e-01
9.270833333333332149e+00,1.746502280364750914e-01
9.291666666666666075e+00,1.700170782114532042e-01
9.312500000000000000e+00,1.663884086801742657e-01
9.333333333333332149e+00,1.648555347616798838e-01
9.354166666666666075e+00,1.637879098528786936e-01
9.375000000000000000e+00,1.614591095411520016e-01
9.395833333333332149e+00,1.594584681011262106e-01
9.416666666666666075e+00,1.601626596216957632e-01
9.437500000000000000e+00,1.624508463454622798e-01
9.458333333333332149e+00,1.640742090897693573e-01
9.479166666666666075e+00,1.661573704564917042e-01
9.500000000000000000e+00,1.695320906156898288e-01
9.520833333333332149e+00,1.725533835625137347e-01
9.541666666666666075e+00,1.742412166114722105e-01
9.562500000000000000e+00,1.762584396917128982e-01
9.583333333333332149e+00,1.790894379769270295e-01
9.604166666666666075e+00,1.810870080226570922e-01
9.625000000000000000e+00,1.825075564505794223e-01
9.645833333333332149e+00,1.852972371046807398e-01
9.666666666666666075e+00,1.883564565336585672e-01
9.687500000000000000e+00,1.895155226991326880e-01
9.708333333333332149e+00,1.901363654983198315e-01
9.729166666666666075e+00,1.925486330225416876e-01
9.750000000000000000e+00,1.956023796036061024e-01
9.770833333333332149e+00,1.970743197977695427e-01
9.791666666666666075e+00,1.977159402803466137e-01
9.812500000000000000e+00,1.988615987152028142e-01
9.833333333333332149e+00,1.990806533967653669e-01
9.854166666666666075e+00,1.965351657351481207e-01
9.875000000000000000e+00,1.927391207782399585e-01
9.895833333333332149e+00,1.901136681823654140e-01
9.916666666666666075e+00,1.875926403334786108e-01
9.937500000000000000e+00,1.830251665108855175e-01
9.958333333333332149e+00,1.777877280056561482e-01
9.979166666666666075e+00,1.742776700185207361e-01
1.000000000000000000e+01,1.713939910729855298e-01
1.002083333333333215e+01,1.669090458606446170e-01
1.004166666666666607e+01,1.621936516869065814e-01
1.006250000000000000e+01,1.597561313560833529e-01
1.008333333333333215e+01,1.585128046402649593e-01
1.010416666666666607e+01,1.562198441808088922e-01
1.012500000000000000e+01,1.536503678740031298e-01
1.014583333333333215e+01,1.521152766994967598e-01
1.016666666666666607e+01,1.501615201199467953e-01
1.018750000000000000e+01,1.459064225345595156e-01
1.020833333333333215e+01,1.408778533238667641e-01
1.022916666666666607e+01,1.374156337130904015e-01
1.025000000000000000e+01,1.343601291594559988e-01
1.027083333333333215e+01,1.293322063609086969e-01
1.029166666666666607e+01,1.236051084944207179e-01
1.031250000000000000e+01,1.194269627388683946e-01
1.033333333333333215e+01,1.155993532066116602e-01
1.035416666666666607e+01,1.097633635434092370e-01
1.037500000000000000e+01,1.031323110980973262e-01
1.039583333333333215e+01,9.798616178164031021e-02
1.041666666666666607e+01,9.356202785604086913e-02
1.043750000000000000e+01,8.830992224667576218e-02
1.045833333333333215e+01,8.382229039411848159e-02
1.047916666666666607e+01,8.236260968808407912e-02
1.050000000000000000e+01,8.273663075991811999e-02
1.052083333333333215e+01,8.255435922369162849e-02
1.054166666666666607e+01,8.291722692451582166e-02
1.056250000000000000e+01,8.457789647470649597e-02
1.058333333333333215e+01,8.590306070824613172e-02
1.060416666666666607e+01,8.629613604018558648e-02
1.062500000000000000e+01,8.739868360834945893e-02
1.064583333333333215e+01,8.821811711532943912e-02
1.066666666666666607e+01,8.779011931680630321e-02
1.068750000000000000e+01,8.763149095325403759e-02
1.070833333333333215e+01,8.846990582026852123e-02
1.072916666666666607e+01,8.858759840397945062e-02
1.075000000000000000e+01,8.809659298708681641e-02
1.077083333333333215e+01,8.875778109648456426e-02
1.079166666666666607e+01,8.938281425262342705e-02
1.081250000000000000e+01,8.760284360188017039e-02
1.083333333333333215e+01,8.472232752023094171e-02
1.085416666666666607e+01,8.299970896729637337e-02
1.087500000000000000e+01,8.124698678501114657e-02
1.089583333333333215e+01,7.714965173012713895e-02
1.091666666666666607e+01,7.202777044764319125e-02
1.093750000000000000e+01,6.815422493126606363e-02
1.095833333333333215e+01,6.442010415298290993e-02
1.097916666666666607e+01,5.896989104185150488e-02
1.100000000000000000e+01,5.332042633776849089e-02
1.102083333333333215e+01,4.973777597969376157e-02
1.104166666666666607e+01,4.704135657281755672e-02
1.106250000000000000e+01,4.283846509688244569e-02
1.108333333333333215e+01,3.838117873263148516e-02
1.110416666666666607e+01,3.593003975648183940e-02
1.112500000000000000e+01,3.430942065117745243e-02
1.114583333333333215e+01,3.111761122018630657e-02
1.116666666666666607e+01,2.753760012046437000e-02
1.118750000000000000e+01,2.582344088975049856e-02
1.120833333333333215e+01,2.479454909306790314e-02
1.122916666666666607e+01,2.203370727134040460e-02
1.125000000000000000e+01,1.879598115958785315e-02
1.127083333333333215e+01,1.735820637609732792e-02
1.129166666666666607e+01,1.655978362189080080e-02
1.131250000000000000e+01,1.399748203477764984e-02
1.133333333333333215e+01,1.092874853847680336e-02
1.135416666666666607e+01,9.633753938089510693e-03
1.137500000000000000e+01,8.963857446312303509e-03
1.139583333333333215e+01,6.569072797703650983e-03
1.141666666666666607e+01,3.705984598465591161e-03
1.143750000000000000e+01,2.650496221933917873e-03
1.145833333333333215e+01,2.243915593649280747e-03
1.147916666666666607e+01,7.919612649197706796e-05
1.150000000000000000e+01,-2.583693612765323912e-03
1.152083333333333215e+01,-3.470019120682714658e-03
1.154166666666666607e+01,-3.750423578396680068e-03
1.156250000000000000e+01,-5.828251330442239982e-03
1.158333333333333215e+01,-8.512193799210939979e-03
1.160416666666666607e+01,-9.548980914891544783e-03
1.162500000000000000e+01,-1.010796283897956623e-02
1.164583333333333215e+01,-1.259643826826653025e-02
1.166666666666666607e+01,-1.574729436679555422e-02
1.168750000000000000e+01,-1.728595912124060441e-02
1.170833333333333215e+01,-1.838859436957911500e-02
1.172916666666666607e+01,-2.144835895249111446e-02
1.175000000000000000e+01,-2.518493722006057145e-02
1.177083333333333215e+01,-2.733237145053200173e-02
1.179166666666666607e+01,-2.907835950910981834e-02
1.181250000000000000e+01,-3.280876024142784231e-02
1.183333333333333215e+01,-3.727393359352071389e-02
1.185416666666666607e+01,-4.022239401701199757e-02
1.187500000000000000e+01,-4.284408573767679168e-02
1.189583333333333215e+01,-4.752473980513548246e-02
1.191666666666666607e+01,-5.302940221366343743e-02
1.193750000000000000e+01,-5.711005120764868492e-02
1.195833333333333215e+01,-6.087215750028637795e-02
1.197916666666666607e+01,-6.605828325243749688e-02
1.200000000000000000e+01,-7.108930408960609237e-02
1.202083333333333215e+01,-7.370798171677055144e-02
1.204166666666666607e+01,-7.510754220619179911e-02
1.206250000000000000e+01,-7.762917745348875409e-02
1.208333333333333215e+01,-7.997677650875736899e-02
1.210416666666666607e+01,-7.988898896482239664e-02
1.212500000000000000e+01,-7.855709688989559458e-02
1.214583333333333215e+01,-7.837087689877172969e-02
1.216666666666666607e+01,-7.816057692222853903e-02
1.218750000000000000e+01,-7.664298630025012660e-02
1.220833333333333215e+01,-7.544074669060298055e-02
1.222916666666666607e+01,-7.694483640881838449e-02
1.225000000000000000e+01,-7.996272385484305689e-02
1.227083333333333215e+01,-8.224996463935797808e-02
1.229166666666666607e+01,-8.478601764654483675e-02
1.231250000000000000e+01,-8.863176594275182230e-02
1.233333333333333215e+01,-9.208658805728014984e-02
1.235416666666666607e+01,-9.411904253132204190e-02
1.237500000000000000e+01,-9.632682874777230564e-02
1.239583333333333215e+01,-1.000971276333681992e-01
1.241666666666666607e+01,-1.037153317613860593e-01
1.243750000000000000e+01,-1.049291456209775902e-01
1.245833333333333215e+01,-1.049366459962243758e-01
1.247916666666666607e+01,-1.061299275382683732e-01
1.250000000000000000e+01,-1.074006821501905934e-01
1.252083333333333215e+01,-1.073221374028756891e-01
1.254166666666666607e+01,-1.074341375819410499e-01
1.256250000000000000e+01,-1.101313191519079776e-01
1.258333333333333215e+01,-1.141277604016422281e-01
1.260416666666666607e+01,-1.171534288022989534e-01
1.262500000000000000e+01,-1.202749566191280428e-01
1.264583333333333215e+01,-1.249663606266773197e-01
1.266666666666666607e+01,-1.295399077772881324e-01
1.268750000000000000e+01,-1.317331836601502992e-01
1.270833333333333215e+01,-1.327358910872922793e-01
1.272916666666666607e+01,-1.349357946961472210e-01
1.275000000000000000e+01,-1.370967929079926761e-01
1.277083333333333215e+01,-1.373472416060090573e-01
1.279166666666666607e+01,-1.370368454858676699e-01
1.281250000000000000e+01,-1.384897511629706035e-01
1.283333333333333215e+01,-1.404155448081271240e-01
1.285416666666666607e+01,-1.405430353088440998e-01
1.287500000000000000e+01,-1.400404726374537001e-01
1.289583333333333215e+01,-1.413071053037672220e-01
1.291666666666666607e+01,-1.430821803222178112e-01
1.293750000000000000e+01,-1.430940306920679417e-01
1.295833333333333215e+01,-1.424969172733159262e-01
1.297916666666666607e+01,-1.436005385286632796e-01
