0.000000000000000000e+00,-3.298448509937462747e-03
2.083333333333333218e-02,1.134903810170708599e-02
4.166666666666666435e-02,-2.576570929817046871e-02
6.250000000000000000e-02,2.250190257101489927e-02
8.333333333333332871e-02,4.301659543077833783e-03
1.041666666666666574e-01,-5.474493842865008064e-02
1.250000000000000000e-01,7.152642984459682551e-02
1.458333333333333148e-01,-1.459099204399027377e-02
1.666666666666666574e-01,-1.071239092061204434e-01
1.875000000000000000e-01,1.736549001462934783e-01
2.083333333333333148e-01,-6.561216957483045897e-02
2.291666666666666574e-01,-2.072780466172509939e-01
2.500000000000000000e-01,3.906522890682918581e-01
2.708333333333333148e-01,-1.999662925550616532e-01
2.916666666666666297e-01,-3.858703081345605246e-01
3.125000000000000000e-01,2.206611973362212764e-01
3.333333333333333148e-01,4.562146485968836540e-01
3.541666666666666297e-01,-1.507791749467697340e-01
3.750000000000000000e-01,-5.972061173423783842e-01
3.958333333333333148e-01,1.845435792112938567e-02
4.166666666666666297e-01,6.298617576418401587e-01
4.375000000000000000e-01,1.059540733651230526e-02
4.583333333333333148e-01,-6.145237431428344221e-01
4.791666666666666297e-01,3.222333727464180009e-03
5.000000000000000000e-01,6.236406517824295559e-01
5.208333333333332593e-01,-1.008945023339397062e-02
5.416666666666666297e-01,-6.352606760240223638e-01
5.625000000000000000e-01,-1.486608107450834715e-02
5.833333333333332593e-01,6.263160726129766154e-01
6.041666666666666297e-01,-8.550099580298703428e-03
6.250000000000000000e-01,-6.256024153530874710e-01
6.458333333333332593e-01,1.846961570659677587e-02
6.666666666666666297e-01,6.697873450484591595e-01
6.875000000000000000e-01,5.538040932399584948e-02
7.083333333333332593e-01,-5.819947216956657954e-01
7.291666666666666297e-01,8.782897812230971990e-02
7.500000000000000000e-01,6.989336799679364276e-01
7.708333333333332593e-01,7.791451894005760326e-02
7.916666666666666297e-01,-6.056597490507028558e-01
8.125000000000000000e-01,4.204427244810862718e-02
8.333333333333332593e-01,6.476799464332251288e-01
8.541666666666666297e-01,9.615436390296910885e-03
8.750000000000000000e-01,-6.790062016546605239e-01
8.958333333333332593e-01,-3.991051311749677089e-02
9.166666666666666297e-01,5.668805744218903264e-01
9.375000000000000000e-01,-1.046859346190052442e-01
9.583333333333332593e-01,-7.877340900740211760e-01
9.791666666666666297e-01,-1.789072151161973379e-01
1.000000000000000000e+00,4.148766876790106473e-01
1.020833333333333259e+00,-2.388650482300820888e-01
1.041666666666666519e+00,-4.056535099058912186e-01
1.062500000000000000e+00,1.950196365673320664e-01
1.083333333333333259e+00,2.811857730338841455e-01
1.104166666666666519e+00,-4.000150748444852300e-01
1.125000000000000000e+00,-2.515573310774773530e-01
1.145833333333333259e+00,3.679470839896092915e-01
1.166666666666666519e+00,-2.389419470403947310e-01
1.187500000000000000e+00,-8.506299780441060054e-01
1.208333333333333259e+00,-1.675327100991540752e-01
1.229166666666666519e+00,4.494679743057805599e-01
1.250000000000000000e+00,-1.643700893842212074e-01
1.270833333333333259e+00,-6.946182611462760059e-01
1.291666666666666519e+00,-1.821119922983180373e-02
1.312500000000000000e+00,6.012378467718836328e-01
1.333333333333333259e+00,-1.505350568414072499e-02
1.354166666666666519e+00,-7.097320587154665184e-01
1.375000000000000000e+00,-2.374722663701661629e-02
1.395833333333333259e+00,5.896293289456888687e-01
1.416666666666666519e+00,-2.204492374413409561e-02
1.437500000000000000e+00,-2.457102754501113984e-01
1.458333333333333259e+00,4.352274854459104447e-01
1.479166666666666519e+00,7.128717237851922572e-01
1.500000000000000000e+00,9.987892996521990918e-02
1.520833333333333259e+00,-5.817400534882509744e-01
1.541666666666666519e+00,1.067552897318852501e-01
1.562500000000000000e+00,7.039728250535505216e-01
1.583333333333333259e+00,7.895711406001451604e-02
1.604166666666666519e+00,-5.907724945268113537e-01
1.625000000000000000e+00,1.143985818225346229e-01
1.645833333333333259e+00,7.008925062982803711e-01
1.666666666666666519e+00,4.497992190593094741e-02
1.687500000000000000e+00,-4.528725403741184485e-01
1.708333333333333259e+00,2.632723511126575100e-01
1.729166666666666519e+00,8.553008704236517712e-01
1.750000000000000000e+00,2.105827226130135288e-01
1.770833333333333259e+00,-4.667323421598155164e-01
1.791666666666666519e+00,2.209730204747758775e-01
1.812500000000000000e+00,8.198667033936812842e-01
1.833333333333333259e+00,1.767014784146236361e-01
1.854166666666666519e+00,-5.012095117182795434e-01
1.875000000000000000e+00,2.043135247136750321e-01
1.895833333333333259e+00,2.856713388412610022e-01
1.916666666666666519e+00,-3.436166828044378563e-01
1.937500000000000000e+00,-4.724080214150285228e-01
1.958333333333333259e+00,2.255603699598898448e-01
1.979166666666666519e+00,3.885180361631479506e-02
2.000000000000000000e+00,-5.812715960120138359e-01
2.020833333333333037e+00,2.955749792376138885e-02
2.041666666666666519e+00,6.617088196328189120e-01
2.062500000000000000e+00,1.110656488160877142e-02
2.083333333333333037e+00,-5.984372719132833307e-01
2.104166666666666519e+00,3.031617616140178106e-02
2.125000000000000000e+00,3.980079479264238551e-01
2.145833333333333037e+00,-2.614954504631478160e-01
2.166666666666666519e+00,-8.740073045609154656e-01
2.187500000000000000e+00,-2.653732922550101625e-01
2.208333333333333037e+00,4.268512264693076208e-01
2.229166666666666519e+00,-2.618115154112081178e-01
2.250000000000000000e+00,-4.430486401031231702e-01
2.270833333333333037e+00,1.685656615644692269e-01
2.291666666666666519e+00,7.506159796799127815e-01
2.312500000000000000e+00,6.124269711296628782e-02
2.333333333333333037e+00,-5.648811057987295214e-01
2.354166666666666519e+00,4.361645633226909902e-02
2.375000000000000000e+00,7.309665064980368498e-01
2.395833333333333037e+00,6.529836465200350437e-02
2.416666666666666519e+00,-5.591315727448085138e-01
2.437500000000000000e+00,7.075268085870492496e-02
2.458333333333333037e+00,7.758630095745377986e-01
2.479166666666666519e+00,7.823440723530405982e-02
2.500000000000000000e+00,-5.545444631827085580e-01
2.520833333333333037e+00,6.433874724239403708e-02
2.541666666666666519e+00,7.682928052145256981e-01
2.562500000000000000e+00,8.976382998556220461e-02
2.583333333333333037e+00,-5.402919347920882576e-01
2.604166666666666519e+00,8.221621851043041385e-02
2.625000000000000000e+00,6.814078512963980261e-01
2.645833333333333037e+00,-2.340617474000797338e-02
2.666666666666666519e+00,-6.614864644725882981e-01
2.687500000000000000e+00,-3.351396575876977590e-02
2.708333333333333037e+00,6.787679428979551677e-01
2.729166666666666519e+00,-2.668056806080093546e-02
2.750000000000000000e+00,-6.642553671544428884e-01
2.770833333333333037e+00,-4.028652003436086759e-02
2.791666666666666519e+00,6.669933872924423968e-01
2.812500000000000000e+00,-2.223577378989669007e-02
2.833333333333333037e+00,-6.516710735294122259e-01
2.854166666666666519e+00,-3.619056337149513525e-02
2.875000000000000000e+00,6.632575978187545962e-01
2.895833333333333037e+00,-8.186288023527804603e-03
2.916666666666666519e+00,-6.321715724408791814e-01
2.937500000000000000e+00,-1.831947641455995701e-02
2.958333333333333037e+00,5.825844689472060578e-01
2.979166666666666519e+00,-1.107618132418912993e-01
3.000000000000000000e+00,-7.403259311525136610e-01
3.020833333333333037e+00,-1.250634977503705669e-01
3.041666666666666519e+00,5.773575216253147291e-01
3.062500000000000000e+00,-1.125668683378748536e-01
3.083333333333333037e+00,-7.385609905981853629e-01
3.104166666666666519e+00,-1.313466351874599258e-01
3.125000000000000000e+00,5.410249459566207619e-01
3.145833333333333037e+00,-1.373699969560494838e-01
3.166666666666666519e+00,-6.673644753435793442e-01
3.187500000000000000e+00,-5.875359045464777219e-02
3.208333333333333037e+00,6.388533812155334779e-01
3.229166666666666519e+00,-4.880873596518991997e-02
3.250000000000000000e+00,-4.093327941858995733e-01
3.270833333333333037e+00,1.995569265307290951e-01
3.291666666666666519e+00,8.966026972696270469e-01
3.312500000000000000e+00,2.295277473398031343e-01
3.333333333333333037e+00,-3.954551575950959186e-01
3.354166666666666519e+00,2.189841392784441232e-01
3.375000000000000000e+00,9.225732313008665475e-01
3.395833333333333037e+00,2.232158717863797215e-01
3.416666666666666519e+00,-4.145270015301150135e-01
3.437500000000000000e+00,2.099661665952612943e-01
3.458333333333333037e+00,4.668886336613673471e-01
3.479166666666666519e+00,-2.377695253842530276e-01
3.500000000000000000e+00,-6.889403183587915480e-01
3.520833333333333037e+00,-6.181937753884184095e-02
3.541666666666666519e+00,6.516453061811934289e-01
3.562500000000000000e+00,-5.164025979900987995e-02
3.583333333333333037e+00,-6.885862608263695339e-01
3.604166666666666519e+00,-6.750293948087240925e-02
3.625000000000000000e+00,6.372792354106314727e-01
3.645833333333333037e+00,-5.514716511692790979e-02
3.666666666666666519e+00,-6.792347215459137999e-01
3.687500000000000000e+00,-7.359869319488002160e-02
3.708333333333333037e+00,5.982304264515991843e-01
3.729166666666666519e+00,-6.012044832848442710e-02
3.750000000000000000e+00,-6.705449627363693210e-01
3.770833333333333037e+00,-5.714043131127188868e-02
3.791666666666666519e+00,6.296827875274981778e-01
3.812500000000000000e+00,-5.010514645665894995e-02
3.833333333333333037e+00,-6.621111113165298878e-01
3.854166666666666519e+00,-6.419399400172741410e-02
3.875000000000000000e+00,6.049335696910982385e-01
3.895833333333333037e+00,-4.746811875628470512e-02
3.916666666666666519e+00,-6.556917869217546713e-01
3.937500000000000000e+00,-3.565117533229288094e-02
3.958333333333333037e+00,6.532159264037755708e-01
3.979166666666666519e+00,-2.774366681607168261e-02
4.000000000000000000e+00,-6.433999876664283635e-01
4.020833333333333037e+00,-4.359332877129118433e-02
4.041666666666666075e+00,6.178254231751688641e-01
4.062500000000000000e+00,-5.892167458217170695e-02
4.083333333333333037e+00,-3.935521664853953716e-01
4.104166666666666075e+00,2.114413065892057908e-01
4.125000000000000000e+00,9.050124578943763431e-01
4.145833333333333037e+00,2.184097503811763819e-01
4.166666666666666075e+00,-4.057774993738652025e-01
4.187500000000000000e+00,2.027977642383794188e-01
4.208333333333333037e+00,5.877407039397398725e-01
4.229166666666666075e+00,-8.377705646896374536e-02
4.250000000000000000e+00,-7.083259043394748433e-01
4.270833333333333037e+00,-9.248116558195909609e-02
4.291666666666666075e+00,6.114705487208431656e-01
4.312500000000000000e+00,-8.725423098847401304e-02
4.333333333333333037e+00,-7.215873085709381130e-01
4.354166666666666075e+00,-9.805620741977935650e-02
4.375000000000000000e+00,6.112692975646044635e-01
4.395833333333333037e+00,-9.055586213645849814e-02
4.416666666666666075e+00,-7.258030619725027721e-01
4.437500000000000000e+00,-1.039346305611747040e-01
4.458333333333333037e+00,6.017362266917071212e-01
4.479166666666666075e+00,-9.364798677213664879e-02
4.500000000000000000e+00,-7.209548178689469955e-01
4.520833333333333037e+00,-1.101002148350604809e-01
4.541666666666666075e+00,5.826874267321366929e-01
4.562500000000000000e+00,-7.257881425448237112e-02
4.583333333333333037e+00,-5.701844426087557816e-01
4.604166666666666075e+00,5.215118239796373567e-02
4.625000000000000000e+00,7.422653008920383488e-01
4.645833333333333037e+00,6.295664680519758027e-02
4.666666666666666075e+00,-5.495548594483058436e-01
4.687500000000000000e+00,4.402823078904605225e-02
4.708333333333333037e+00,6.850869535770185426e-01
4.729166666666666075e+00,1.491705487249311846e-02
4.750000000000000000e+00,-5.932357254317656148e-01
4.770833333333333037e+00,4.704105193621049841e-03
4.791666666666666075e+00,6.904499668619425989e-01
4.812500000000000000e+00,1.191428087625084897e-02
4.833333333333333037e+00,-6.043428311645429041e-01
4.854166666666666075e+00,-3.015356521050865934e-03
4.875000000000000000e+00,6.847515294788207862e-01
4.895833333333333037e+00,7.005596202467045952e-03
4.916666666666666075e+00,-6.075344149398975713e-01
4.937500000000000000e+00,-1.076337012895439704e-02
4.958333333333333037e+00,6.528945330329426477e-01
4.979166666666666075e+00,-1.144872136268720864e-02
5.000000000000000000e+00,-6.222028147029490253e-01
5.020833333333333037e+00,-1.865696485658935311e-02
5.041666666666666075e+00,6.706815797644881672e-01
5.062500000000000000e+00,-1.581099741317718022e-02
5.083333333333333037e+00,-6.362700771560643176e-01
5.104166666666666075e+00,-2.508168053328271863e-02
5.125000000000000000e+00,6.694453337181700547e-01
5.145833333333333037e+00,-2.006597696723777524e-02
5.166666666666666075e+00,-6.411207316867391093e-01
5.187500000000000000e+00,-3.179161353708431781e-02
5.208333333333333037e+00,6.586956462789007594e-01
5.229166666666666075e+00,-1.230013445628838631e-02
5.250000000000000000e+00,-6.269516779331789635e-01
5.270833333333333037e+00,-2.104391448821077426e-02
5.291666666666666075e+00,6.663752373739921797e-01
5.312500000000000000e+00,-1.602059507583358799e-02
5.333333333333333037e+00,-6.291497653848693306e-01
5.354166666666666075e+00,-2.853229115330235821e-02
5.375000000000000000e+00,6.461102286335663747e-01
5.395833333333333037e+00,-4.841496686906393565e-03
5.416666666666666075e+00,-6.139100129578995979e-01
5.437500000000000000e+00,2.224127235812289882e-02
5.458333333333333037e+00,7.106302248541740418e-01
5.479166666666666075e+00,7.150460976371611488e-02
5.500000000000000000e+00,-5.436630441935234037e-01
5.520833333333333037e+00,1.506258230547037613e-01
5.541666666666666075e+00,4.268726619213649709e-01
5.562500000000000000e+00,-1.878183116454913981e-01
5.583333333333333037e+00,-7.992963608614434001e-01
5.604166666666666075e+00,-1.028645657305526095e-01
5.625000000000000000e+00,5.942157968330097351e-01
5.645833333333333037e+00,-2.239810856478399725e-02
5.666666666666666075e+00,-6.357608175592315281e-01
5.687500000000000000e+00,5.846131773142224097e-02
5.708333333333333037e+00,7.533658871958373027e-01
5.729166666666666075e+00,1.416393238353793882e-01
5.750000000000000000e+00,-4.666287698925442595e-01
5.770833333333333037e+00,-1.861552907959682090e-01
5.791666666666666075e+00,4.640721469801406540e-01
5.812500000000000000e+00,-1.442757641582773642e-01
5.833333333333333037e+00,-7.716917923621604558e-01
5.854166666666666075e+00,-8.320389860931884374e-02
5.875000000000000000e+00,5.680332034683015507e-01
5.895833333333333037e+00,-4.170854910841062524e-02
5.916666666666666075e+00,-6.704526285048539869e-01
5.937500000000000000e+00,1.957061501964613148e-02
5.958333333333333037e+00,6.731422173284797861e-01
5.979166666666666075e+00,6.140869907714774367e-02
6.000000000000000000e+00,-5.668765168320574199e-01
6.020833333333333037e+00,1.253836038150079601e-01
6.041666666666666075e+00,3.745319632445544000e-01
6.062500000000000000e+00,-2.370548013513232299e-01
6.083333333333333037e+00,-7.673681959467582026e-01
6.104166666666666075e+00,-7.393183943774261913e-02
6.125000000000000000e+00,6.200516666802317056e-01
6.145833333333333037e+00,6.109499959543948644e-03
6.166666666666666075e+00,-6.045367939530756907e-01
6.187500000000000000e+00,8.704006134564251651e-02
6.208333333333333037e+00,7.792022249354042529e-01
6.229166666666666075e+00,1.696715597278282694e-01
6.250000000000000000e+00,-4.363721857885849431e-01
6.270833333333333037e+00,2.468808206025463470e-01
6.291666666666666075e+00,2.497529389338979944e-01
6.312500000000000000e+00,-3.552923670559398617e-01
6.333333333333333037e+00,-4.742186748827449672e-02
6.354166666666666075e+00,5.739062528600840096e-01
6.375000000000000000e+00,-4.359480330936932324e-02
6.395833333333333037e+00,-6.506400538971796044e-01
6.416666666666666075e+00,4.984763147123991156e-02
6.437500000000000000e+00,7.356829477297529563e-01
6.458333333333333037e+00,1.173383782301378186e-01
6.479166666666666075e+00,-4.892892826597062816e-01
6.500000000000000000e+00,9.620116808264173036e-02
6.520833333333333037e+00,2.382605179124466510e-01
6.541666666666666075e+00,-3.806530950288349313e-01
6.562500000000000000e+00,-3.209709281661824454e-01
6.583333333333333037e+00,3.795875650579066951e-01
6.604166666666666075e+00,-2.391670040460830426e-01
6.625000000000000000e+00,-6.988342457241457639e-01
6.645833333333333037e+00,-3.598587488098964338e-03
6.666666666666666075e+00,6.912104825452719536e-01
6.687500000000000000e+00,7.853065315372825816e-02
6.708333333333333037e+00,-5.314113947166978491e-01
6.729166666666666075e+00,1.307212293553751681e-01
6.750000000000000000e+00,6.572144594285777019e-01
6.770833333333333037e+00,4.145718908586261409e-02
6.791666666666666075e+00,-5.745603009814570505e-01
6.812500000000000000e+00,1.245682155412954628e-01
6.833333333333333037e+00,5.251163159316707407e-01
6.854166666666666075e+00,-9.768786647291570480e-02
6.875000000000000000e+00,-7.194854902714563627e-01
6.895833333333333037e+00,-2.233798399943567881e-02
6.916666666666666075e+00,6.453502166070054225e-01
6.937500000000000000e+00,2.472601508084115718e-02
6.958333333333333037e+00,-6.109174482793382488e-01
6.979166666666666075e+00,9.325082125934799904e-02
7.000000000000000000e+00,6.066333631899746281e-01
7.020833333333333037e+00,-1.657592054813950000e-02
7.041666666666666075e+00,-6.359179991095753604e-01
7.062500000000000000e+00,5.963120353559409059e-02
7.083333333333333037e+00,5.412568770248546990e-01
7.104166666666666075e+00,-8.351665988927689521e-02
7.125000000000000000e+00,-7.395407764182194699e-01
7.145833333333333037e+00,-3.272968119985369961e-02
7.166666666666666075e+00,6.343772881571618782e-01
7.187500000000000000e+00,2.086594319179735368e-03
7.208333333333333037e+00,-7.053982380415844133e-01
7.229166666666666075e+00,-2.896128467484790359e-02
7.250000000000000000e+00,6.040055852077478304e-01
7.270833333333333037e+00,-6.506292036959268610e-02
7.291666666666666075e+00,-7.741406591280446392e-01
7.312500000000000000e+00,-1.352638075802398976e-01
7.333333333333333037e+00,5.115949338950269709e-01
7.354166666666666075e+00,-2.010203091546464704e-01
7.375000000000000000e+00,-8.441308828311538948e-01
7.395833333333333037e+00,-2.169969235856857859e-01
7.416666666666666075e+00,4.060565739593547940e-01
7.437500000000000000e+00,2.860297521149696709e-01
7.458333333333333037e+00,-4.139985834603331361e-01
7.479166666666666075e+00,2.071286986620761716e-01
7.500000000000000000e+00,8.267681622514315709e-01
7.520833333333333037e+00,1.243719992659758633e-01
7.541666666666666075e+00,-5.589672710531795596e-01
7.562500000000000000e+00,6.142203546751344445e-02
7.583333333333333037e+00,6.752411809381388963e-01
7.604166666666666075e+00,-1.045751463354954724e-02
7.625000000000000000e+00,-6.727449189140820573e-01
7.645833333333333037e+00,-5.928544421634901473e-02
7.666666666666666075e+00,5.811722612869316684e-01
7.687500000000000000e+00,-3.639908941233001294e-02
7.708333333333333037e+00,-2.586212501988927603e-01
7.729166666666666075e+00,3.613758106332652376e-01
7.750000000000000000e+00,6.297580896582304355e-01
7.770833333333333037e+00,-7.673924187545524966e-02
7.791666666666666075e+00,-6.421012921294124709e-01
7.812500000000000000e+00,-1.031223431160763204e-02
7.833333333333333037e+00,6.191452340237196816e-01
7.854166666666666075e+00,-9.330581497409523584e-02
7.875000000000000000e+00,-5.922495828576223031e-01
7.895833333333333037e+00,3.984291254096566925e-02
7.916666666666666075e+00,6.695796108866711727e-01
7.937500000000000000e+00,-4.069308344129232702e-02
7.958333333333333037e+00,-7.285454120242610410e-01
7.979166666666666075e+00,-1.019400845086521623e-01
8.000000000000000000e+00,5.176545184053317206e-01
8.020833333333332149e+00,-1.064268160309321670e-01
8.041666666666666075e+00,-2.747148406645317231e-01
8.062500000000000000e+00,3.406779698362544795e-01
8.083333333333332149e+00,4.136551630697197224e-01
8.104166666666666075e+00,-2.805330514552476506e-01
8.125000000000000000e+00,-1.075762926650424139e-01
8.145833333333332149e+00,5.111669188891894144e-01
8.166666666666666075e+00,-1.134806144695511831e-01
8.187500000000000000e+00,-8.052647331442397416e-01
8.208333333333332149e+00,-1.193868001025631120e-01
8.229166666666666075e+00,4.995711060486894284e-01
8.250000000000000000e+00,-1.141371911158440694e-01
8.270833333333332149e+00,-6.257357260343689997e-01
8.291666666666666075e+00,5.573623788993087302e-02
8.312500000000000000e+00,6.808253344051897749e-01
8.333333333333332149e+00,6.741589663961608525e-02
8.354166666666666075e+00,-6.389694963056455901e-01
8.375000000000000000e+00,4.518307275732613704e-02
8.395833333333332149e+00,6.747527172889109526e-01
8.416666666666666075e+00,6.403036946733051127e-02
8.437500000000000000e+00,-6.484202583103488848e-01
8.458333333333332149e+00,2.840840290438639837e-02
8.479166666666666075e+00,6.763785125040223667e-01
8.500000000000000000e+00,6.725935927144924276e-02
8.520833333333332149e+00,-6.361684290593822011e-01
8.541666666666666075e+00,5.206679870523156506e-02
8.562500000000000000e+00,6.675138175916014438e-01
8.583333333333332149e+00,4.547984169742147476e-02
8.604166666666666075e+00,-6.218579675433488774e-01
8.625000000000000000e+00,7.749917285643243003e-02
8.645833333333332149e+00,2.781964059754970520e-01
8.666666666666666075e+00,-3.452689486464537993e-01
8.687500000000000000e+00,-7.511502065463380173e-01
8.708333333333332149e+00,-5.771433940969314391e-02
8.729166666666666075e+00,5.639660225864004950e-01
8.750000000000000000e+00,-5.411999111125836981e-02
8.770833333333332149e+00,-7.523163230019094261e-01
8.791666666666666075e+00,-6.136237183314621757e-02
8.812500000000000000e+00,5.612022277418233784e-01
8.833333333333332149e+00,-5.722129824591516700e-02
8.854166666666666075e+00,-7.623661329765361039e-01
8.875000000000000000e+00,-8.361688160384203594e-02
8.895833333333332149e+00,5.483806889077262881e-01
8.916666666666666075e+00,-6.745430298677543290e-02
8.937500000000000000e+00,-6.626494465780214949e-01
8.958333333333332149e+00,2.479682079837333686e-02
8.979166666666666075e+00,6.361782591021306610e-01
9.000000000000000000e+00,1.246638266462281319e-02
9.020833333333332149e+00,-5.131730244750607461e-01
9.041666666666666075e+00,1.768001703556164317e-01
9.062500000000000000e+00,7.832350229848431544e-01
9.083333333333332149e+00,1.599626505536790033e-01
9.104166666666666075e+00,-5.250771389985834370e-01
9.125000000000000000e+00,1.744915903411559943e-01
9.145833333333332149e+00,7.803808769568607584e-01
9.166666666666666075e+00,1.467275215321383608e-01
9.187500000000000000e+00,-5.368493240675366041e-01
9.208333333333332149e+00,1.537263617716809749e-01
9.229166666666666075e+00,7.556332436559084487e-01
9.250000000000000000e+00,1.170423276072929675e-01
9.270833333333332149e+00,-5.309238261803037595e-01
9.291666666666666075e+00,1.737398419920967996e-01
9.312500000000000000e+00,8.015079573308233618e-01
9.333333333333332149e+00,1.709687033438958281e-01
9.354166666666666075e+00,-4.981294061752771229e-01
9.375000000000000000e+00,1.508618020232839474e-01
9.395833333333332149e+00,1.735763040944992841e-01
9.416666666666666075e+00,-4.438168451520544400e-01
9.437500000000000000e+00,-2.610339887737269104e-01
9.458333333333332149e+00,4.163972086592768740e-01
9.479166666666666075e+00,-2.295890963870357571e-01
9.500000000000000000e+00,-8.365367718961778110e-01
9.520833333333332149e+00,-2.050478886906579867e-01
9.541666666666666075e+00,4.775505557772922738e-01
9.562500000000000000e+00,-1.620994277819816087e-01
9.583333333333332149e+00,-7.679029159884627198e-01
9.604166666666666075e+00,-1.078299425917630117e-01
9.625000000000000000e+00,5.738913807242618237e-01
9.645833333333332149e+00,-3.141468569925094656e-02
9.666666666666666075e+00,-6.343362029670440716e-01
9.687500000000000000e+00,5.103017338258769575e-02
9.708333333333332149e+00,7.347106732487274083e-01
9.729166666666666075e+00,1.272752997444133727e-01
9.750000000000000000e+00,-4.779869058858980946e-01
9.770833333333332149e+00,1.971213269391524359e-01
9.791666666666666075e+00,5.819104748486396694e-01
9.812500000000000000e+00,-3.469567606990718589e-02
9.833333333333332149e+00,-6.578313762586607272e-01
9.854166666666666075e+00,4.872799318496293108e-02
9.875000000000000000e+00,7.407024425471885332e-01
9.895833333333332149e+00,1.088410309977916601e-01
9.916666666666666075e+00,-5.179807212058551436e-01
9.937500000000000000e+00,1.921110667333197630e-01
9.958333333333332149e+00,3.680121547208665134e-01
9.979166666666666075e+00,-2.597758540512821179e-01
1.000000000000000000e+01,-6.662906099368940405e-01
1.002083333333333215e+01,3.742900126701764751e-02
1.004166666666666607e+01,7.402744398638583245e-01
1.006250000000000000e+01,1.200519413752686726e-01
1.008333333333333215e+01,-4.952935474398013072e-01
1.010416666666666607e+01,1.268848154512963178e-01
1.012500000000000000e+01,2.742698812930799979e-01
1.014583333333333215e+01,-3.418459363685292796e-01
1.016666666666666607e+01,-4.188804571919715891e-01
1.018750000000000000e+01,2.805708216941271704e-01
1.020833333333333215e+01,7.724027658819845876e-02
1.022916666666666607e+01,-5.448189014141411324e-01
1.025000000000000000e+01,1.411065556442862856e-01
1.027083333333333215e+01,7.006223531174454733e-01
1.029166666666666607e+01,9.924690182748467648e-02
1.031250000000000000e+01,-5.256291103365160478e-01
1.033333333333333215e+01,1.563575872959669377e-01
1.035416666666666607e+01,4.109135111066302137e-01
1.037500000000000000e+01,-1.863438459712355444e-01
1.039583333333333215e+01,-8.225053610702524054e-01
1.041666666666666607e+01,-1.591786830639173311e-01
1.043750000000000000e+01,5.436586571351537112e-01
1.045833333333333215e+01,-5.933247914191271122e-02
1.047916666666666607e+01,-6.740902222196516469e-01
1.050000000000000000e+01,2.178201488114700490e-02
1.052083333333333215e+01,7.060398500708668923e-01
1.054166666666666607e+01,5.774961232900296948e-02
1.056250000000000000e+01,-5.486477781264025300e-01
1.058333333333333215e+01,1.112580839246506692e-01
1.060416666666666607e+01,7.943258844693203979e-01
1.062500000000000000e+01,1.067445915882891394e-01
1.064583333333333215e+01,-5.331220171844768263e-01
1.066666666666666607e+01,8.272298691958548944e-02
1.068750000000000000e+01,7.370985602456995300e-01
1.070833333333333215e+01,4.359741087471710741e-02
1.072916666666666607e+01,-6.211319473117349332e-01
1.075000000000000000e+01,-2.974416704332419337e-03
1.077083333333333215e+01,6.068427030829803837e-01
1.079166666666666607e+01,-8.696296540075518222e-02
1.081250000000000000e+01,-7.783674438353223035e-01
1.083333333333333215e+01,-1.673664678851877197e-01
1.085416666666666607e+01,4.506433917731004213e-01
1.087500000000000000e+01,2.384791559091264668e-01
1.089583333333333215e+01,-4.631866185967281613e-01
1.091666666666666607e+01,1.375946979628115407e-01
1.093750000000000000e+01,7.643563824717602984e-01
1.095833333333333215e+01,9.659037345416027209e-02
1.097916666666666607e+01,-6.113304561572111551e-01
1.100000000000000000e+01,-1.528512083549907197e-02
1.102083333333333215e+01,6.118534367653267747e-01
1.104166666666666607e+01,-6.822318811634428548e-02
1.106250000000000000e+01,-6.526298843736930699e-01
1.108333333333333215e+01,-5.407886494660790744e-02
1.110416666666666607e+01,5.710816639106823800e-01
1.112500000000000000e+01,-1.107230265328774388e-01
1.114583333333333215e+01,-3.296248864662141287e-01
1.116666666666666607e+01,2.698913496501789133e-01
1.118750000000000000e+01,7.521541613395060777e-01
1.120833333333333215e+01,6.975480574489695273e-02
1.122916666666666607e+01,-6.350505811214275376e-01
1.125000000000000000e+01,-3.565327709065919948e-02
1.127083333333333215e+01,5.898766109499755661e-01
1.129166666666666607e+01,-9.088622172947521949e-02
1.131250000000000000e+01,-7.967326076326317619e-01
1.133333333333333215e+01,-1.927741561112827906e-01
1.135416666666666607e+01,4.337933025017457478e-01
1.137500000000000000e+01,4.505772801668668504e-02
1.139583333333333215e+01,-5.174476091302323555e-01
1.141666666666666607e+01,8.329116153823415414e-02
1.143750000000000000e+01,7.068232638269559276e-01
1.145833333333333215e+01,2.227153380618804301e-02
1.147916666666666607e+01,-6.797820609440495820e-01
1.150000000000000000e+01,-7.655835828920161401e-02
1.152083333333333215e+01,5.450432840334648033e-01
1.154166666666666607e+01,-1.413493459551147247e-01
1.156250000000000000e+01,-3.795025117593744390e-01
1.158333333333333215e+01,2.248580315947519837e-01
1.160416666666666607e+01,8.113248944686555220e-01
1.162500000000000000e+01,1.235745434947716215e-01
1.164583333333333215e+01,-5.766806957056570537e-01
1.166666666666666607e+01,2.772158504415085656e-02
1.168750000000000000e+01,6.488235194787170812e-01
1.170833333333333215e+01,-3.812711631622084374e-02
1.172916666666666607e+01,-7.386418374138936649e-01
1.175000000000000000e+01,-1.348243676070263741e-01
1.177083333333333215e+01,4.874398160686091441e-01
1.179166666666666607e+01,-1.982595467595272831e-01
1.181250000000000000e+01,-6.871066616285558259e-01
1.183333333333333215e+01,-8.476377353939118509e-02
1.185416666666666607e+01,5.392012286637524188e-01
1.187500000000000000e+01,-1.447044830657112369e-01
1.189583333333333215e+01,-5.631441204859849448e-01
1.191666666666666607e+01,3.635735678566348605e-02
1.193750000000000000e+01,6.631799308301700169e-01
1.195833333333333215e+01,-2.927034851024690187e-03
1.197916666666666607e+01,-7.069468436718893134e-01
1.200000000000000000e+01,-1.057053688026655253e-01
1.202083333333333215e+01,5.144093338691172468e-01
1.204166666666666607e+01,1.497404896425212351e-01
1.206250000000000000e+01,-4.649299413941148651e-01
1.208333333333333215e+01,1.463246474555948140e-01
1.210416666666666607e+01,7.557991766989379245e-01
1.212500000000000000e+01,5.527257508566238431e-02
1.214583333333333215e+01,-6.277008803095592837e-01
1.216666666666666607e+01,1.067095672774623361e-02
1.218750000000000000e+01,6.162476990842310487e-01
1.220833333333333215e+01,-8.537312246965905738e-02
1.222916666666666607e+01,-2.439559345215783770e-01
1.225000000000000000e+01,3.667382694706803337e-01
1.227083333333333215e+01,6.015006028592960741e-01
1.229166666666666607e+01,-5.501764559872113214e-02
1.231250000000000000e+01,-6.422452375028313565e-01
1.233333333333333215e+01,-1.361235131478438776e-02
1.235416666666666607e+01,6.052572138630504250e-01
1.237500000000000000e+01,-5.944637590169801755e-02
1.239583333333333215e+01,-6.524880170387994394e-01
1.241666666666666607e+01,-4.616088217378985781e-02
1.243750000000000000e+01,5.690261427336172906e-01
1.245833333333333215e+01,-1.248880178955225906e-01
1.247916666666666607e+01,-3.827694433373809435e-01
1.250000000000000000e+01,2.462005805418109594e-01
1.252083333333333215e+01,8.062966392666779392e-01
1.254166666666666607e+01,1.115943365386660724e-01
1.256250000000000000e+01,-5.858031201270392785e-01
1.258333333333333215e+01,1.903140225406099728e-02
1.260416666666666607e+01,6.437682024670066117e-01
1.262500000000000000e+01,-1.756633270333277097e-02
1.264583333333333215e+01,-7.224630614992062494e-01
1.266666666666666607e+01,-1.226482508286660528e-01
1.268750000000000000e+01,4.994611535492942123e-01
1.270833333333333215e+01,-1.867366515724490084e-01
1.272916666666666607e+01,-8.837893877239844098e-01
1.275000000000000000e+01,-2.683757628909668735e-01
1.277083333333333215e+01,3.490613341551555004e-01
1.279166666666666607e+01,4.622604681801717463e-02
1.281250000000000000e+01,-5.954735052785468108e-01
1.283333333333333215e+01,1.088627373325949665e-02
1.285416666666666607e+01,6.295053706020321549e-01
1.287500000000000000e+01,-5.844089878156949469e-02
1.289583333333333215e+01,-7.459942045531320343e-01
1.291666666666666607e+01,-1.404832366500738949e-01
1.293750000000000000e+01,4.802028257407747192e-01
1.295833333333333215e+01,2.911897637222178314e-01
1.297916666666666607e+01,-4.102436147582136927e-01
