0.000000000000000000e+00,-0.000000000000000000e+00
2.083333333333333218e-02,-1.290716872006553027e-16
4.166666666666666435e-02,-1.205447065422457742e-04
6.250000000000000000e-02,-6.302059262009278035e-04
8.333333333333332871e-02,-2.037575996333974328e-03
1.041666666666666574e-01,-5.407829547942924822e-03
1.250000000000000000e-01,-1.300139175266892995e-02
1.458333333333333148e-01,-2.962274397602587470e-02
1.666666666666666574e-01,-6.546005573418793577e-02
1.875000000000000000e-01,-1.418567138355688317e-01
2.083333333333333148e-01,-3.010451759528584570e-01
2.291666666666666574e-01,-5.513191058359880881e-01
2.500000000000000000e-01,-7.771705459905877689e-01
2.708333333333333148e-01,-6.965694745980696156e-01
2.916666666666666297e-01,-3.590755480211424988e-01
3.125000000000000000e-01,4.897954850099982965e-02
3.333333333333333148e-01,4.296835751541043802e-01
3.541666666666666297e-01,6.894603024130226965e-01
3.750000000000000000e-01,7.204765334824531076e-01
3.958333333333333148e-01,6.777338870839046958e-01
4.166666666666666297e-01,6.261181820157415423e-01
4.375000000000000000e-01,5.675910197914693089e-01
4.583333333333333148e-01,5.058602805856589057e-01
4.791666666666666297e-01,4.683571163333095644e-01
5.000000000000000000e-01,4.561868963306731639e-01
5.208333333333332593e-01,4.615125895570185155e-01
5.416666666666666297e-01,4.923536667543689238e-01
5.625000000000000000e-01,5.444605587568834837e-01
5.833333333333332593e-01,6.114510206660728198e-01
6.041666666666666297e-01,6.647608117593668542e-01
6.250000000000000000e-01,6.852685407516390104e-01
6.458333333333332593e-01,6.668202901806660199e-01
6.666666666666666297e-01,6.154426869734909156e-01
6.875000000000000000e-01,5.140914775153434535e-01
7.083333333333332593e-01,3.599731839135476008e-01
7.291666666666666297e-01,1.538339306288291908e-01
7.500000000000000000e-01,-9.548414986131907589e-02
7.708333333333332593e-01,1.360420327925795925e-01
7.916666666666666297e-01,-6.790700529847427946e-02
8.125000000000000000e-01,-9.434405495499695316e-02
8.333333333333332593e-01,1.932687327654263043e-01
8.541666666666666297e-01,2.367566990311548714e-01
8.750000000000000000e-01,4.325089868554102962e-02
8.958333333333332593e-01,-1.876806390131583735e-01
9.166666666666666297e-01,-9.696817793922893336e-02
9.375000000000000000e-01,1.806175720360964632e-01
9.583333333333332593e-01,6.101268483703683326e-02
9.791666666666666297e-01,-1.871339692007391864e-01
1.000000000000000000e+00,-5.946117915972667228e-02
1.020833333333333259e+00,1.832052390603230996e-01
1.041666666666666519e+00,8.048960544186184451e-02
1.062500000000000000e+00,-1.671242221580235554e-01
1.083333333333333259e+00,-5.714096859102749115e-02
1.104166666666666519e+00,1.727731922678635290e-01
1.125000000000000000e+00,8.999046082901203392e-03
1.145833333333333259e+00,-1.654421517737543756e-01
1.166666666666666519e+00,4.117674187088698340e-02
1.187500000000000000e+00,1.514669139440344148e-01
1.208333333333333259e+00,-8.915718130796911056e-02
1.229166666666666519e+00,-1.183683873793897057e-01
1.250000000000000000e+00,1.357739333050314023e-01
1.270833333333333259e+00,5.211614919125249351e-02
1.291666666666666519e+00,-1.574552961348292812e-01
1.312500000000000000e+00,1.272856686641977118e-02
1.333333333333333259e+00,1.493230103024399680e-01
1.354166666666666519e+00,-8.543371131001818719e-02
1.375000000000000000e+00,-1.058939178004576903e-01
1.395833333333333259e+00,1.254547464677733537e-01
1.416666666666666519e+00,3.395450580420872333e-02
1.437500000000000000e+00,-1.532782016766363054e-01
1.458333333333333259e+00,4.570222303201983138e-02
1.479166666666666519e+00,1.000100723212367093e-01
1.500000000000000000e+00,-1.119011397982683786e-01
1.520833333333333259e+00,-1.053276046051210063e-03
1.541666666666666519e+00,9.855440870311248103e-02
1.562500000000000000e+00,-9.696192729191943638e-02
1.583333333333333259e+00,4.249256453058418426e-02
1.604166666666666519e+00,3.521741611776002534e-02
1.625000000000000000e+00,-8.909645990698214502e-02
1.645833333333333259e+00,9.281451341140543876e-02
1.666666666666666519e+00,-4.498421726322394260e-02
1.687500000000000000e+00,-1.282095836886693388e-02
1.708333333333333259e+00,6.575295993309618336e-02
1.729166666666666519e+00,-9.013851367045065677e-02
1.750000000000000000e+00,8.074081700857077548e-02
1.770833333333333259e+00,-2.368009143049991730e-02
1.791666666666666519e+00,-4.347605161649235189e-02
1.812500000000000000e+00,7.939451026678985557e-02
1.833333333333333259e+00,-8.251304225512370860e-02
1.854166666666666519e+00,5.608681977568655969e-02
1.875000000000000000e+00,-1.782470756517185936e-02
1.895833333333333259e+00,-1.824418922215009439e-02
1.916666666666666519e+00,4.768620821878765542e-02
1.937500000000000000e+00,-6.508343075690732615e-02
1.958333333333333259e+00,7.854567779071219835e-02
1.979166666666666519e+00,-7.548219138798607786e-02
2.000000000000000000e+00,5.198979917469028628e-02
2.020833333333333037e+00,-1.953652769815379317e-02
2.041666666666666519e+00,-2.644204214799775535e-02
2.062500000000000000e+00,6.112814569486366839e-02
2.083333333333333037e+00,-8.158781503625103793e-02
2.104166666666666519e+00,7.510868454826512275e-02
2.125000000000000000e+00,-5.497405044313696809e-02
2.145833333333333037e+00,1.775559195253905570e-02
2.166666666666666519e+00,2.518792315774155688e-02
2.187500000000000000e+00,-6.239319061158611623e-02
2.208333333333333037e+00,8.148785141280230626e-02
2.229166666666666519e+00,-7.523020798897407657e-02
2.250000000000000000e+00,5.455301859689521554e-02
2.270833333333333037e+00,-1.798107881345918993e-02
2.291666666666666519e+00,-2.494930740180265061e-02
2.312500000000000000e+00,6.279547234864553407e-02
2.333333333333333037e+00,-8.184085966796168787e-02
2.354166666666666519e+00,7.495344434828594971e-02
2.375000000000000000e+00,-5.405133543106259431e-02
2.395833333333333037e+00,1.816408168854010546e-02
2.416666666666666519e+00,2.448565060986040293e-02
2.437500000000000000e+00,-6.330754104636630852e-02
2.458333333333333037e+00,8.247999984199176626e-02
2.479166666666666519e+00,-7.446318530481604858e-02
2.500000000000000000e+00,5.321438564825495959e-02
2.520833333333333037e+00,-1.847460689886801233e-02
2.541666666666666519e+00,-2.379158018632624577e-02
2.562500000000000000e+00,6.406548543388716765e-02
2.583333333333333037e+00,-8.364046184288739805e-02
2.604166666666666519e+00,7.359848431158179383e-02
2.625000000000000000e+00,-5.176633581662090644e-02
2.645833333333333037e+00,1.897473122441329166e-02
2.666666666666666519e+00,1.595909229594191792e-02
2.687500000000000000e+00,-4.850398906986441716e-02
2.708333333333333037e+00,6.842109714754161798e-02
2.729166666666666519e+00,-7.754013120075484156e-02
2.750000000000000000e+00,7.086228057106418177e-02
2.770833333333333037e+00,-5.114408191552130556e-02
2.791666666666666519e+00,2.149693829969355138e-02
2.812500000000000000e+00,1.213386634584577052e-02
2.833333333333333037e+00,-4.682892873288586194e-02
2.854166666666666519e+00,6.806235535460951336e-02
2.875000000000000000e+00,-7.159821058317954179e-02
2.895833333333333037e+00,7.167260162549193847e-02
2.916666666666666519e+00,-5.618792069612590229e-02
2.937500000000000000e+00,3.426441511645806487e-02
2.958333333333333037e+00,-3.202361321818149309e-03
2.979166666666666519e+00,-2.530755995486134308e-02
3.000000000000000000e+00,4.888811763732103105e-02
3.020833333333333037e+00,-6.606490384708674224e-02
3.041666666666666519e+00,7.541311285729629388e-02
3.062500000000000000e+00,-7.258453512017443154e-02
3.083333333333333037e+00,5.607500279465375825e-02
3.104166666666666519e+00,-3.007000936487397302e-02
3.125000000000000000e+00,-6.083907320416490593e-03
3.145833333333333037e+00,3.616812302069941781e-02
3.166666666666666519e+00,-6.300795751826571145e-02
3.187500000000000000e+00,7.802998795778617880e-02
3.208333333333333037e+00,-7.578412764000655444e-02
3.229166666666666519e+00,5.631922811342451873e-02
3.250000000000000000e+00,-3.240246479689200959e-02
3.270833333333333037e+00,-7.819625095375819191e-04
3.291666666666666519e+00,3.450019635512645982e-02
3.312500000000000000e+00,-5.910585092804856305e-02
3.333333333333333037e+00,7.667050401829454687e-02
3.354166666666666519e+00,-7.723986712851473035e-02
3.375000000000000000e+00,6.095677022437995946e-02
3.395833333333333037e+00,-3.343231894098967066e-02
3.416666666666666519e+00,4.071761569048462995e-03
3.437500000000000000e+00,3.130249628014620394e-02
3.458333333333333037e+00,-5.986496335755491643e-02
3.479166666666666519e+00,7.232131916672580874e-02
3.500000000000000000e+00,-7.589314238638240895e-02
3.520833333333333037e+00,6.441816184630029529e-02
3.541666666666666519e+00,-3.970426906223793045e-02
3.562500000000000000e+00,6.098867819677263567e-03
3.583333333333333037e+00,2.789870637747524432e-02
3.604166666666666519e+00,-5.740241312860780432e-02
3.625000000000000000e+00,7.225880487620590931e-02
3.645833333333333037e+00,-7.271269570568113239e-02
3.666666666666666519e+00,6.795794642253016882e-02
3.687500000000000000e+00,-4.513029561881638091e-02
3.708333333333333037e+00,8.848095623873472246e-03
3.729166666666666519e+00,2.550209500761010939e-02
3.750000000000000000e+00,-5.113601668531735783e-02
3.770833333333333037e+00,7.024898095148118804e-02
3.791666666666666519e+00,-7.573774694721667478e-02
3.812500000000000000e+00,6.988095804760965923e-02
3.833333333333333037e+00,-5.854507393145248068e-02
3.854166666666666519e+00,3.096010771410583062e-02
3.875000000000000000e+00,6.909115786972621145e-03
3.895833333333333037e+00,-3.817092329001819939e-02
3.916666666666666519e+00,6.102113187781662423e-02
3.937500000000000000e+00,-7.494002116146487869e-02
3.958333333333333037e+00,7.491327330259410500e-02
3.979166666666666519e+00,-6.365270743427307865e-02
4.000000000000000000e+00,4.725447654213774107e-02
4.020833333333333037e+00,-1.594891464559958921e-02
4.041666666666666075e+00,-2.213602100518914997e-02
4.062500000000000000e+00,5.023272058161451503e-02
4.083333333333333037e+00,-6.861585341727320653e-02
4.104166666666666075e+00,7.591976824696478054e-02
4.125000000000000000e+00,-7.060441192405529642e-02
4.145833333333333037e+00,5.588642250926121463e-02
4.166666666666666075e+00,-3.147102490074551312e-02
4.187500000000000000e+00,6.570778585357028682e-03
4.208333333333333037e+00,2.617214898795237540e-02
4.229166666666666075e+00,-5.814722258366563507e-02
4.250000000000000000e+00,7.472737832368370192e-02
4.270833333333333037e+00,-7.259631866246910037e-02
4.291666666666666075e+00,6.483250148736847962e-02
4.312500000000000000e+00,-4.424533825357766792e-02
4.333333333333333037e+00,1.116078685102147965e-02
4.354166666666666075e+00,2.464060328652176515e-02
4.375000000000000000e+00,-5.480783671678843977e-02
4.395833333333333037e+00,7.691630673393851092e-02
4.416666666666666075e+00,-7.981702673237882351e-02
4.437500000000000000e+00,6.125973821092554200e-02
4.458333333333333037e+00,-2.019342752915028946e-02
4.479166666666666075e+00,-2.155351495841209900e-02
4.500000000000000000e+00,5.668893852006381961e-02
4.520833333333333037e+00,-7.519904074744682143e-02
4.541666666666666075e+00,8.110092187004863673e-02
4.562500000000000000e+00,-6.195969928493713641e-02
4.583333333333333037e+00,2.045054472094105791e-02
4.604166666666666075e+00,2.282310129892445999e-02
4.625000000000000000e+00,-5.615637245540538308e-02
4.645833333333333037e+00,7.385584566543287877e-02
4.666666666666666075e+00,-7.551607888469431817e-02
4.687500000000000000e+00,6.702332298849776604e-02
4.708333333333333037e+00,-3.894782992493395213e-02
4.729166666666666075e+00,5.229018732966804646e-03
4.750000000000000000e+00,2.770779434579409908e-02
4.770833333333333037e+00,-5.585531438979021018e-02
4.791666666666666075e+00,7.322534984827540339e-02
4.812500000000000000e+00,-7.474990861008842802e-02
4.833333333333333037e+00,6.794419479621902069e-02
4.854166666666666075e+00,-4.305891029956664118e-02
4.875000000000000000e+00,8.585984262890219640e-03
4.895833333333333037e+00,2.302424092920423229e-02
4.916666666666666075e+00,-5.125940651513712087e-02
4.937500000000000000e+00,7.396331784858009573e-02
4.958333333333333037e+00,-8.035955909700884248e-02
4.979166666666666075e+00,6.545667444430285087e-02
5.000000000000000000e+00,-4.382927344338648917e-02
5.020833333333333037e+00,1.373859320584944893e-02
5.041666666666666075e+00,1.839946813773066930e-02
5.062500000000000000e+00,-4.324975204063774559e-02
5.083333333333333037e+00,6.114007335185541597e-02
5.104166666666666075e+00,-7.710487253765341276e-02
5.125000000000000000e+00,7.620310292552984199e-02
5.145833333333333037e+00,-6.475584130404540839e-02
5.166666666666666075e+00,3.897818184704292949e-02
5.187500000000000000e+00,-5.637847167996450602e-03
5.208333333333333037e+00,-2.701869282057647523e-02
5.229166666666666075e+00,5.711127420290264961e-02
5.250000000000000000e+00,-7.308754915194358437e-02
5.270833333333333037e+00,7.376691282035796604e-02
5.291666666666666075e+00,-6.707283843547542923e-02
5.312500000000000000e+00,4.412166224072731208e-02
5.333333333333333037e+00,-9.035794122322195546e-03
5.354166666666666075e+00,-2.411154951973169466e-02
5.375000000000000000e+00,5.205662323685321391e-02
5.395833333333333037e+00,-7.237474762499876424e-02
5.416666666666666075e+00,7.816794382725678059e-02
5.437500000000000000e+00,-6.696980134250030137e-02
5.458333333333333037e+00,4.590506986486336816e-02
5.479166666666666075e+00,-1.300073074875784419e-02
5.500000000000000000e+00,-2.058736388549397417e-02
5.520833333333333037e+00,4.674100688639121204e-02
5.541666666666666075e+00,-7.094390300908368086e-02
5.562500000000000000e+00,8.210079635209259485e-02
5.583333333333333037e+00,-7.073350699952579701e-02
5.604166666666666075e+00,4.843370342792339273e-02
5.625000000000000000e+00,-5.129167332891400657e-03
5.645833333333333037e+00,-3.505117153946619296e-02
5.666666666666666075e+00,6.961468736308243366e-02
5.687500000000000000e+00,-7.981850783745658706e-02
5.708333333333333037e+00,7.331818788537253218e-02
5.729166666666666075e+00,-4.652545241562813100e-02
5.750000000000000000e+00,6.699622158278273863e-03
5.770833333333333037e+00,3.576498570264687038e-02
5.791666666666666075e+00,-7.016904277779473231e-02
5.812500000000000000e+00,8.047025079260256009e-02
5.833333333333333037e+00,-7.242790558141436186e-02
5.854166666666666075e+00,4.582842240966751579e-02
5.875000000000000000e+00,-7.584576662195733135e-03
5.895833333333333037e+00,-3.543683839172132033e-02
5.916666666666666075e+00,7.143960803290624884e-02
5.937500000000000000e+00,-8.127490616135589485e-02
5.958333333333333037e+00,7.102248233642345643e-02
5.979166666666666075e+00,-4.458565484347216251e-02
6.000000000000000000e+00,8.834713229015859343e-03
6.020833333333333037e+00,2.151104879100182096e-02
6.041666666666666075e+00,-4.712293463114288622e-02
6.062500000000000000e+00,6.566290772022102817e-02
6.083333333333333037e+00,-7.419503564307626531e-02
6.104166666666666075e+00,7.232295671760681499e-02
6.125000000000000000e+00,-5.928566066449782873e-02
6.145833333333333037e+00,3.622405865959751198e-02
6.166666666666666075e+00,-7.686760934400816217e-03
6.187500000000000000e+00,-2.075422436994431297e-02
6.208333333333333037e+00,4.568190649475412091e-02
6.229166666666666075e+00,-6.548786009676238473e-02
6.250000000000000000e+00,7.583740038673465744e-02
6.270833333333333037e+00,-7.285082519099160547e-02
6.291666666666666075e+00,5.751201903756335970e-02
6.312500000000000000e+00,-3.536014544185486080e-02
6.333333333333333037e+00,9.065569599665521117e-03
6.354166666666666075e+00,2.002007300591210001e-02
6.375000000000000000e+00,-4.774013920669549493e-02
6.395833333333333037e+00,6.680295938395099109e-02
6.416666666666666075e+00,-7.899704429301845909e-02
6.437500000000000000e+00,7.193984652246961098e-02
6.458333333333333037e+00,-5.028067291182792414e-02
6.479166666666666075e+00,2.003669534936731306e-02
6.500000000000000000e+00,1.100878031661042984e-02
6.520833333333333037e+00,-4.539798861580851552e-02
6.541666666666666075e+00,6.949774051294815846e-02
6.562500000000000000e+00,-7.406371442288837981e-02
6.583333333333333037e+00,7.108021207799290753e-02
6.604166666666666075e+00,-5.487110601298661461e-02
6.625000000000000000e+00,2.663611451032887531e-02
6.645833333333333037e+00,8.964749566730531583e-03
6.666666666666666075e+00,-4.278577539386432815e-02
6.687500000000000000e+00,6.677641492813832236e-02
6.708333333333333037e+00,-8.276517150584407345e-02
6.729166666666666075e+00,7.026465416401891928e-02
6.750000000000000000e+00,-4.417941477386046201e-02
6.770833333333333037e+00,-7.758296838590505659e-04
6.791666666666666075e+00,4.049836995490405794e-02
6.812500000000000000e+00,-6.835643544532551963e-02
6.833333333333333037e+00,8.069850298900538288e-02
6.854166666666666075e+00,-7.183168708234247135e-02
6.875000000000000000e+00,5.244984808567283718e-02
6.895833333333333037e+00,-1.900438057421327542e-02
6.916666666666666075e+00,-1.184603269236782046e-02
6.937500000000000000e+00,4.479081000613368418e-02
6.958333333333333037e+00,-6.724398539312484435e-02
6.979166666666666075e+00,7.519594890313023583e-02
7.000000000000000000e+00,-7.405115415994949213e-02
7.020833333333333037e+00,5.507553977593084710e-02
7.041666666666666075e+00,-2.376285612858560978e-02
7.062500000000000000e+00,-8.838126585964303089e-03
7.083333333333333037e+00,3.976237666418667299e-02
7.104166666666666075e+00,-6.695718213532295127e-02
7.125000000000000000e+00,7.855845727442480053e-02
7.145833333333333037e+00,-7.129956252657264348e-02
7.166666666666666075e+00,5.587004807383576244e-02
7.187500000000000000e+00,-2.896844815565462541e-02
7.208333333333333037e+00,-4.404237344850766948e-03
7.229166666666666075e+00,3.649976020495721701e-02
7.250000000000000000e+00,-6.501024324181316205e-02
7.270833333333333037e+00,7.865492413074079425e-02
7.291666666666666075e+00,-7.303171308507944159e-02
7.312500000000000000e+00,5.529064942221826456e-02
7.333333333333333037e+00,-3.398345171829000172e-02
7.354166666666666075e+00,4.074060814408642095e-03
7.375000000000000000e+00,2.529028113609079267e-02
7.395833333333333037e+00,-5.724578511211474846e-02
7.416666666666666075e+00,7.397004751895407126e-02
7.437500000000000000e+00,-7.484583806879503698e-02
7.458333333333333037e+00,6.596986249928867008e-02
7.479166666666666075e+00,-4.269668461043629043e-02
7.500000000000000000e+00,1.022296315210106596e-02
7.520833333333333037e+00,2.322583483879939181e-02
7.541666666666666075e+00,-5.338999148354817148e-02
7.562500000000000000e+00,7.408552146001766425e-02
7.583333333333333037e+00,-7.703597580959822833e-02
7.604166666666666075e+00,6.427105548773025256e-02
7.625000000000000000e+00,-4.644312084993174744e-02
7.645833333333333037e+00,1.536134358022076332e-02
7.666666666666666075e+00,2.113655589352025563e-02
7.687500000000000000e+00,-5.014541473943346511e-02
7.708333333333333037e+00,6.995691076792429075e-02
7.729166666666666075e+00,-7.724865855247710356e-02
7.750000000000000000e+00,6.988032856623320466e-02
7.770833333333333037e+00,-4.784216312853498826e-02
7.791666666666666075e+00,1.866888065609811909e-02
7.812500000000000000e+00,1.810177699203361495e-02
7.833333333333333037e+00,-4.772728763342604097e-02
7.854166666666666075e+00,6.437468129416418217e-02
7.875000000000000000e+00,-6.940254345068859465e-02
7.895833333333333037e+00,6.948325077638740910e-02
7.916666666666666075e+00,-6.077349166510474104e-02
7.937500000000000000e+00,4.171059247033516437e-02
7.958333333333333037e+00,-1.258787526365549164e-02
7.979166666666666075e+00,-1.788924188053481884e-02
8.000000000000000000e+00,4.586498770332053665e-02
8.020833333333332149e+00,-6.743122378880153645e-02
8.041666666666666075e+00,7.828356652795129267e-02
8.062500000000000000e+00,-7.323076345946831489e-02
8.083333333333332149e+00,5.019776735002508955e-02
8.104166666666666075e+00,-1.964407215685616895e-02
8.125000000000000000e+00,-1.132373524037703222e-02
8.145833333333332149e+00,4.432891145027550300e-02
8.166666666666666075e+00,-6.881959725296567243e-02
8.187500000000000000e+00,7.560454522454647386e-02
8.208333333333332149e+00,-7.237899524607288582e-02
8.229166666666666075e+00,5.392600142956973513e-02
8.250000000000000000e+00,-2.522417202738189840e-02
8.270833333333332149e+00,-8.239213495079967045e-03
8.291666666666666075e+00,4.133870296891383606e-02
8.312500000000000000e+00,-6.790637373200464344e-02
8.333333333333332149e+00,7.656529590262857454e-02
8.354166666666666075e+00,-6.883751178842624496e-02
8.375000000000000000e+00,5.745526552693103195e-02
8.395833333333332149e+00,-3.240977582690013348e-02
8.416666666666666075e+00,4.638324663305363853e-03
8.437500000000000000e+00,2.531024716396670579e-02
8.458333333333332149e+00,-4.976437615537361581e-02
8.479166666666666075e+00,6.674769532053830001e-02
8.500000000000000000e+00,-7.407255585220330618e-02
8.520833333333332149e+00,7.145015360236031676e-02
8.541666666666666075e+00,-5.704815386152417567e-02
8.562500000000000000e+00,3.225666662257728468e-02
8.583333333333332149e+00,-3.422810619181610153e-03
8.604166666666666075e+00,-2.401783923477483068e-02
8.625000000000000000e+00,4.863632263356165719e-02
8.645833333333332149e+00,-6.820231571396831449e-02
8.666666666666666075e+00,7.647370370144299101e-02
8.687500000000000000e+00,-7.040220365082697218e-02
8.708333333333332149e+00,5.615364842766134429e-02
8.729166666666666075e+00,-2.464649312110862162e-02
8.750000000000000000e+00,-8.445688458284977482e-03
8.770833333333332149e+00,4.193218074242166526e-02
8.791666666666666075e+00,-6.608418137623614519e-02
8.812500000000000000e+00,7.653332011112704003e-02
8.833333333333332149e+00,-7.045777178862289158e-02
8.854166666666666075e+00,5.800313301284592410e-02
8.875000000000000000e+00,-3.014816442765740415e-02
8.895833333333332149e+00,-6.288429492944092557e-03
8.916666666666666075e+00,3.736456165495576076e-02
8.937500000000000000e+00,-6.187754362277076564e-02
8.958333333333332149e+00,7.647334400040335656e-02
8.979166666666666075e+00,-7.675903860445928983e-02
9.000000000000000000e+00,5.819031524010267326e-02
9.020833333333332149e+00,-3.191856285231569473e-02
9.041666666666666075e+00,-2.468657044305710545e-03
9.062500000000000000e+00,3.379856727392687582e-02
9.083333333333332149e+00,-5.671084493841187929e-02
9.104166666666666075e+00,6.931393366743074380e-02
9.125000000000000000e+00,-7.240282183148007145e-02
9.145833333333332149e+00,6.837553379641107820e-02
9.166666666666666075e+00,-4.308460016808713516e-02
9.187500000000000000e+00,9.285583639651781226e-03
9.208333333333332149e+00,2.423018957960409309e-02
9.229166666666666075e+00,-5.143299696793676712e-02
9.250000000000000000e+00,7.278016186838766333e-02
9.270833333333332149e+00,-7.895170907537910066e-02
9.291666666666666075e+00,6.653229655085650396e-02
9.312500000000000000e+00,-4.540072748478434644e-02
9.333333333333332149e+00,1.311072748475508414e-02
9.354166666666666075e+00,1.992660719858257989e-02
9.375000000000000000e+00,-4.732382678420676142e-02
9.395833333333332149e+00,7.171348169276409168e-02
9.416666666666666075e+00,-8.207211852807552721e-02
9.437500000000000000e+00,6.937853101748321649e-02
9.458333333333332149e+00,-4.261378641030320186e-02
9.479166666666666075e+00,8.880902831113410278e-04
9.500000000000000000e+00,4.006143348439079183e-02
9.520833333333332149e+00,-7.044095931476543337e-02
9.541666666666666075e+00,8.210622877968239142e-02
9.562500000000000000e+00,-6.991882093590202907e-02
9.583333333333332149e+00,4.302972907223536619e-02
9.604166666666666075e+00,-6.555759236391208453e-04
9.625000000000000000e+00,-4.036748708020041626e-02
9.645833333333332149e+00,7.033670421913816584e-02
9.666666666666666075e+00,-8.153624956172909888e-02
9.687500000000000000e+00,7.039220537477794415e-02
9.708333333333332149e+00,-4.346093887298526498e-02
9.729166666666666075e+00,5.592817945415192891e-04
9.750000000000000000e+00,4.105970889445954147e-02
9.770833333333332149e+00,-6.973332593203433738e-02
9.791666666666666075e+00,8.065486725185605499e-02
9.812500000000000000e+00,-7.079982529490287668e-02
9.833333333333332149e+00,4.458171444133261774e-02
9.854166666666666075e+00,-7.969308444118772283e-05
9.875000000000000000e+00,-4.202549310739141231e-02
9.895833333333332149e+00,6.883568616639626492e-02
9.916666666666666075e+00,-7.878783775121453448e-02
9.937500000000000000e+00,7.042693460816751294e-02
9.958333333333332149e+00,-5.630687432556676780e-02
9.979166666666666075e+00,3.095781968131191761e-02
1.000000000000000000e+01,-1.236192953469179368e-03
1.002083333333333215e+01,-2.883773729869926888e-02
1.004166666666666607e+01,5.314366546337049441e-02
1.006250000000000000e+01,-6.976070812070515881e-02
1.008333333333333215e+01,7.691432531535725980e-02
1.010416666666666607e+01,-7.244255879605866755e-02
1.012500000000000000e+01,5.596517138499550875e-02
1.014583333333333215e+01,-2.999269629164656725e-02
1.016666666666666607e+01,6.268413217668962738e-04
1.018750000000000000e+01,2.743136466920079175e-02
1.020833333333333215e+01,-5.240356162948650587e-02
1.022916666666666607e+01,7.152615317735259992e-02
1.025000000000000000e+01,-7.873944407895817899e-02
1.027083333333333215e+01,7.157424356807594312e-02
1.029166666666666607e+01,-4.510917326959280188e-02
1.031250000000000000e+01,1.731781677837810826e-02
1.033333333333333215e+01,1.602632036279066571e-02
1.035416666666666607e+01,-4.621759041006443663e-02
1.037500000000000000e+01,6.765708656218200057e-02
1.039583333333333215e+01,-8.027147459473994717e-02
1.041666666666666607e+01,7.270189913515773261e-02
1.043750000000000000e+01,-4.866291743348138271e-02
1.045833333333333215e+01,1.981886122909471207e-02
1.047916666666666607e+01,8.781712770273808824e-03
1.050000000000000000e+01,-3.395448946532776680e-02
1.052083333333333215e+01,5.675949133171691308e-02
1.054166666666666607e+01,-7.300256563372345409e-02
1.056250000000000000e+01,7.567379004394537978e-02
1.058333333333333215e+01,-6.561340063384864252e-02
1.060416666666666607e+01,4.566250066230166660e-02
1.062500000000000000e+01,-1.512562481537828470e-02
1.064583333333333215e+01,-2.113689178945772282e-02
1.066666666666666607e+01,4.886505098093080202e-02
1.068750000000000000e+01,-7.031873131701435464e-02
1.070833333333333215e+01,7.857763032476682008e-02
1.072916666666666607e+01,-7.025306420680696440e-02
1.075000000000000000e+01,4.668579494648774503e-02
1.077083333333333215e+01,-1.813911557652142167e-02
1.079166666666666607e+01,-1.703421501170740426e-02
1.081250000000000000e+01,4.725434405229416573e-02
1.083333333333333215e+01,-6.585960587483805084e-02
1.085416666666666607e+01,7.852608894829878061e-02
1.087500000000000000e+01,-7.406110950317827679e-02
1.089583333333333215e+01,5.119365558554492962e-02
1.091666666666666607e+01,-1.869386793531890162e-02
1.093750000000000000e+01,-1.190396567162967448e-02
1.095833333333333215e+01,4.323065772605579060e-02
1.097916666666666607e+01,-6.779401671703193244e-02
1.100000000000000000e+01,7.696530219671415818e-02
1.102083333333333215e+01,-7.420044923566469774e-02
1.104166666666666607e+01,5.315651683786152409e-02
1.106250000000000000e+01,-2.350410366176997751e-02
1.108333333333333215e+01,-7.454561588382042914e-03
1.110416666666666607e+01,3.540179391660694397e-02
1.112500000000000000e+01,-5.718769244586934669e-02
1.114583333333333215e+01,7.736925513854450709e-02
1.116666666666666607e+01,-7.769657679817040807e-02
1.118750000000000000e+01,6.150926339184648040e-02
1.120833333333333215e+01,-3.256603360149776250e-02
1.122916666666666607e+01,3.375465717192913367e-03
1.125000000000000000e+01,3.018769950230770771e-02
1.127083333333333215e+01,-5.969627435736617194e-02
1.129166666666666607e+01,7.364439992247412414e-02
1.131250000000000000e+01,-7.658935726631910246e-02
1.133333333333333215e+01,6.317573755343082464e-02
1.135416666666666607e+01,-3.868853751434206401e-02
1.137500000000000000e+01,7.195412330932504479e-03
1.139583333333333215e+01,2.719455873683770258e-02
1.141666666666666607e+01,-5.901578220030608696e-02
1.143750000000000000e+01,7.436784470079726983e-02
1.145833333333333215e+01,-7.102181545746377722e-02
1.147916666666666607e+01,6.480120251649412744e-02
1.150000000000000000e+01,-4.545853631968012343e-02
1.152083333333333215e+01,2.077594271654129368e-02
1.154166666666666607e+01,1.164119597248076780e-02
1.156250000000000000e+01,-3.901973094658472280e-02
1.158333333333333215e+01,6.588500471199773556e-02
1.160416666666666607e+01,-7.677972972954898168e-02
1.162500000000000000e+01,7.283330178166382007e-02
1.164583333333333215e+01,-5.741590839579994998e-02
1.166666666666666607e+01,2.826602539424705532e-02
1.168750000000000000e+01,5.876436323430039334e-03
1.170833333333333215e+01,-3.531319177556610511e-02
1.172916666666666607e+01,6.244480577823773026e-02
1.175000000000000000e+01,-8.006659164166315956e-02
1.177083333333333215e+01,7.712334710359446122e-02
1.179166666666666607e+01,-5.487232344018895536e-02
1.181250000000000000e+01,3.057390720156203875e-02
1.183333333333333215e+01,-5.766055188036224577e-04
1.185416666666666607e+01,-2.628290280222775332e-02
1.187500000000000000e+01,4.726378777951847215e-02
1.189583333333333215e+01,-6.936690642607350188e-02
1.191666666666666607e+01,7.548803893053264435e-02
1.193750000000000000e+01,-7.126080863185062231e-02
1.195833333333333215e+01,5.569680191772194422e-02
1.197916666666666607e+01,-2.490808142448640988e-02
