0.000000000000000000e+00,4.900326345206707396e-09
2.083333333333333218e-02,-3.299905982642484916e-06
4.166666666666666435e-02,-1.108734178988647207e-05
6.250000000000000000e-02,-3.995345238794551298e-06
8.333333333333332871e-02,2.688235350815813069e-06
1.041666666666666574e-01,1.013059248288552145e-04
1.250000000000000000e-01,-1.228260405119054955e-04
1.458333333333333148e-01,-2.740243858529977099e-05
1.666666666666666574e-01,6.381740291791551103e-04
1.875000000000000000e-01,-6.933069326091281402e-04
2.083333333333333148e-01,-6.001355381106579338e-04
2.291666666666666574e-01,2.338415731677246073e-03
2.500000000000000000e-01,-1.289212640240828753e-03
2.708333333333333148e-01,-3.571718526452422656e-03
2.916666666666666297e-01,4.292362195677489056e-03
3.125000000000000000e-01,7.947926260028114614e-03
3.333333333333333148e-01,-3.817502373156774972e-03
3.541666666666666297e-01,-1.441504043902099019e-02
3.750000000000000000e-01,-9.747323694952134479e-03
3.958333333333333148e-01,-1.794283184515162079e-03
4.166666666666666297e-01,-5.354315886616297857e-03
4.375000000000000000e-01,-7.751558195895256152e-03
4.583333333333333148e-01,1.540589939994350347e-03
4.791666666666666297e-01,5.971903151556007955e-03
5.000000000000000000e-01,-4.580764334598357891e-03
5.208333333333332593e-01,-1.086533381657600779e-02
5.416666666666666297e-01,-1.917854854268559841e-03
5.625000000000000000e-01,2.616985817726426560e-03
5.833333333333332593e-01,-7.002870057856906347e-03
6.041666666666666297e-01,-1.087857128694192516e-02
6.250000000000000000e-01,1.694354569454763096e-04
6.458333333333332593e-01,5.838781908061199503e-03
6.666666666666666297e-01,-3.174243940415687366e-03
6.875000000000000000e-01,-6.785834711830998796e-03
7.083333333333332593e-01,3.435916778420537027e-03
7.291666666666666297e-01,7.455929448372470257e-03
7.500000000000000000e-01,-3.245640213903728654e-03
7.708333333333332593e-01,-8.774178025271233555e-03
7.916666666666666297e-01,5.313968843080271471e-04
8.125000000000000000e-01,6.575229284869579457e-03
8.333333333333332593e-01,-1.136564403824862936e-03
8.541666666666666297e-01,-6.133237373041854068e-03
8.750000000000000000e-01,2.785007853758002163e-03
8.958333333333332593e-01,9.060607688549824831e-03
9.166666666666666297e-01,1.353140108422429743e-03
9.375000000000000000e-01,-3.327252963434499441e-03
9.583333333333332593e-01,6.662208197413727918e-03
9.791666666666666297e-01,1.371911876921044597e-02
1.000000000000000000e+00,5.940900593913225718e-03
1.020833333333333259e+00,1.241313372196082730e-03
1.041666666666666519e+00,1.097147630444688868e-02
1.062500000000000000e+00,1.707325415737834598e-02
1.083333333333333259e+00,8.593952495428276717e-03
1.104166666666666519e+00,3.170350375340873564e-03
1.125000000000000000e+00,1.122942285719958841e-02
1.145833333333333259e+00,1.670078846979896822e-02
1.166666666666666519e+00,8.379479109004781337e-03
1.187500000000000000e+00,1.902648379919305273e-03
1.208333333333333259e+00,8.068212673658769346e-03
1.229166666666666519e+00,1.181593599336990506e-02
1.250000000000000000e+00,2.813748646561579046e-03
1.270833333333333259e+00,-3.455975683004499331e-03
1.291666666666666519e+00,5.015470356013394283e-03
1.312500000000000000e+00,1.151170065054616873e-02
1.333333333333333259e+00,3.098098266821246172e-03
1.354166666666666519e+00,-2.574619906233657773e-03
1.375000000000000000e+00,6.840912541176846599e-03
1.395833333333333259e+00,1.340959375527671880e-02
1.416666666666666519e+00,4.300610460139457636e-03
1.437500000000000000e+00,-1.545538429764411071e-03
1.458333333333333259e+00,8.912230594851773893e-03
1.479166666666666519e+00,1.604438239625187793e-02
1.500000000000000000e+00,5.875407511532064128e-03
1.520833333333333259e+00,-8.383376315670833332e-04
1.541666666666666519e+00,1.011580659711986373e-02
1.562500000000000000e+00,1.757895684256826838e-02
1.583333333333333259e+00,6.921958657050999303e-03
1.604166666666666519e+00,-3.655861085371412626e-05
1.625000000000000000e+00,1.097618110259767320e-02
1.645833333333333259e+00,1.890573841426185578e-02
1.666666666666666519e+00,8.965739649525010513e-03
1.687500000000000000e+00,2.765599401926248889e-03
1.708333333333333259e+00,1.435777546944346644e-02
1.729166666666666519e+00,2.218611038914540187e-02
1.750000000000000000e+00,1.204736448842856980e-02
1.770833333333333259e+00,5.496926484088384031e-03
1.791666666666666519e+00,1.587572656619821998e-02
1.812500000000000000e+00,2.241180874491081193e-02
1.833333333333333259e+00,1.149686796723461447e-02
1.854166666666666519e+00,4.179320124988075702e-03
1.875000000000000000e+00,1.380017648425730693e-02
1.895833333333333259e+00,2.003255464164215016e-02
1.916666666666666519e+00,9.534742884110575245e-03
1.937500000000000000e+00,2.432229942244319189e-03
1.958333333333333259e+00,1.148501533098687799e-02
1.979166666666666519e+00,1.731429891505723018e-02
2.000000000000000000e+00,7.214172688693414395e-03
2.020833333333333037e+00,2.203080343326162640e-04
2.041666666666666519e+00,8.722143579542601319e-03
2.062500000000000000e+00,1.388955822687814624e-02
2.083333333333333037e+00,3.516691234226592289e-03
2.104166666666666519e+00,-3.845306139176878513e-03
2.125000000000000000e+00,4.088852771397730006e-03
2.145833333333333037e+00,8.816388845428240958e-03
2.166666666666666519e+00,-1.660787025057378422e-03
2.187500000000000000e+00,-9.144091528694182208e-03
2.208333333333333037e+00,-1.400621071403460732e-03
2.229166666666666519e+00,3.363427091253347757e-03
2.250000000000000000e+00,-6.982431473890194328e-03
2.270833333333333037e+00,-1.419814468612657504e-02
2.291666666666666519e+00,-5.906458095504826984e-03
2.312500000000000000e+00,-5.026204768837432783e-04
2.333333333333333037e+00,-1.003783189175705068e-02
2.354166666666666519e+00,-1.609493748795612009e-02
2.375000000000000000e+00,-6.354385061956902871e-03
2.395833333333333037e+00,4.237833305945510340e-04
2.416666666666666519e+00,-8.453239878757895856e-03
2.437500000000000000e+00,-1.407874166814592799e-02
2.458333333333333037e+00,-3.968898389102077165e-03
2.479166666666666519e+00,3.005158070328081861e-03
2.500000000000000000e+00,-5.877639071127583464e-03
2.520833333333333037e+00,-1.142745777404304344e-02
2.541666666666666519e+00,-1.324165511987212152e-03
2.562500000000000000e+00,5.482317030052292692e-03
2.583333333333333037e+00,-3.493691572219614298e-03
2.604166666666666519e+00,-9.205283882058368922e-03
2.625000000000000000e+00,5.738869639977960992e-04
2.645833333333333037e+00,6.980287023288973998e-03
2.666666666666666519e+00,-2.331755526331271994e-03
2.687500000000000000e+00,-8.042152055897854382e-03
2.708333333333333037e+00,1.842692312859652189e-03
2.729166666666666519e+00,8.278346787805857671e-03
2.750000000000000000e+00,-1.038414525870793616e-03
2.770833333333333037e+00,-7.114199214715117084e-03
2.791666666666666519e+00,2.254478232427303396e-03
2.812500000000000000e+00,8.284142832112900701e-03
2.833333333333333037e+00,-1.354247898713667768e-03
2.854166666666666519e+00,-7.921421139075568441e-03
2.875000000000000000e+00,1.087975545700342259e-03
2.895833333333333037e+00,6.790909707188852104e-03
2.916666666666666519e+00,-3.484692212346479981e-03
2.937500000000000000e+00,-1.074634873497887048e-02
2.958333333333333037e+00,-2.406280087613517794e-03
2.979166666666666519e+00,2.508024588611313527e-03
3.000000000000000000e+00,-8.783241060404799877e-03
3.020833333333333037e+00,-1.695729491427743971e-02
3.041666666666666519e+00,-9.314607778625782694e-03
3.062500000000000000e+00,-4.889196691072417340e-03
3.083333333333333037e+00,-1.332000438631274729e-02
3.104166666666666519e+00,-1.643600511520554655e-02
3.125000000000000000e+00,-3.633289226473896544e-03
3.145833333333333037e+00,5.689389280209026546e-03
3.166666666666666519e+00,-1.492288320777748149e-03
3.187500000000000000e+00,-5.626511479656543489e-03
3.208333333333333037e+00,5.498075187528399764e-03
3.229166666666666519e+00,1.280420700616102109e-02
3.250000000000000000e+00,4.055621588479829676e-03
3.270833333333333037e+00,-1.596648634760506518e-03
3.291666666666666519e+00,8.416673775968899762e-03
3.312500000000000000e+00,1.510339261913598921e-02
3.333333333333333037e+00,5.925872208435851475e-03
3.354166666666666519e+00,-2.182688456993806198e-04
3.375000000000000000e+00,9.345504937731024045e-03
3.395833333333333037e+00,1.556648067597684627e-02
3.416666666666666519e+00,6.023641281445603519e-03
3.437500000000000000e+00,-4.350825133564562952e-04
3.458333333333333037e+00,8.912458551194756343e-03
3.479166666666666519e+00,1.491627895847751073e-02
3.500000000000000000e+00,5.269966049049498030e-03
3.520833333333333037e+00,-1.134732733943498917e-03
3.541666666666666519e+00,8.268721071244381632e-03
3.562500000000000000e+00,1.435973856972293586e-02
3.583333333333333037e+00,4.836273416730283402e-03
3.604166666666666519e+00,-1.430878025632555768e-03
3.625000000000000000e+00,8.104545245242785606e-03
3.645833333333333037e+00,1.444696361091747129e-02
3.666666666666666519e+00,5.247300393282192284e-03
3.687500000000000000e+00,-7.081252882567651242e-04
3.708333333333333037e+00,9.161613998281198032e-03
3.729166666666666519e+00,1.564275868021053340e-02
3.750000000000000000e+00,6.482971288343992479e-03
3.770833333333333037e+00,6.395209500895623379e-04
3.791666666666666519e+00,1.058083509673208439e-02
3.812500000000000000e+00,1.717930672691162994e-02
3.833333333333333037e+00,8.218329415993218950e-03
3.854166666666666519e+00,2.600327272015419671e-03
3.875000000000000000e+00,1.190807320413716716e-02
3.895833333333333037e+00,1.714922687894420567e-02
3.916666666666666519e+00,6.768282766917701684e-03
3.937500000000000000e+00,-1.980382049804080172e-04
3.958333333333333037e+00,8.569821885156092556e-03
3.979166666666666519e+00,1.412681427208536608e-02
4.000000000000000000e+00,4.251307676930750346e-03
4.020833333333333037e+00,-2.304185233185754387e-03
4.041666666666666075e+00,6.907606831728655729e-03
4.062500000000000000e+00,1.319718025312549906e-02
4.083333333333333037e+00,4.264307538251865988e-03
4.104166666666666075e+00,-1.451774969938366463e-03
4.125000000000000000e+00,8.517700477929766520e-03
4.145833333333333037e+00,1.554721444341349013e-02
4.166666666666666075e+00,7.259710257183873972e-03
4.187500000000000000e+00,2.305877493781649697e-03
4.208333333333333037e+00,1.128942484801087782e-02
4.229166666666666075e+00,1.598843691722721949e-02
4.250000000000000000e+00,5.206240290144010380e-03
4.270833333333333037e+00,-2.253102480954969310e-03
4.291666666666666075e+00,6.334362573357416731e-03
4.312500000000000000e+00,1.196518762751767016e-02
4.333333333333333037e+00,2.156783251902889831e-03
4.354166666666666075e+00,-4.303833783759453135e-03
4.375000000000000000e+00,5.064412580050635902e-03
4.395833333333333037e+00,1.142226006918681258e-02
4.416666666666666075e+00,2.271205786450283034e-03
4.437500000000000000e+00,-3.544021662679387123e-03
4.458333333333333037e+00,6.646893811308281046e-03
4.479166666666666075e+00,1.381256745493599641e-02
4.500000000000000000e+00,5.596816353180884829e-03
4.520833333333333037e+00,6.742488630581234621e-04
4.541666666666666075e+00,1.016603182521221872e-02
4.562500000000000000e+00,1.576892682035896040e-02
4.583333333333333037e+00,6.045608747157735045e-03
4.604166666666666075e+00,-3.711596459185936511e-04
4.625000000000000000e+00,9.113069936369344592e-03
4.645833333333333037e+00,1.564561556388546423e-02
4.666666666666666075e+00,6.763092566445712446e-03
4.687500000000000000e+00,1.225458898253660054e-03
4.708333333333333037e+00,1.108507725583562746e-02
4.729166666666666075e+00,1.761917752991823405e-02
4.750000000000000000e+00,8.842619299121215123e-03
4.770833333333333037e+00,3.355645902878113401e-03
4.791666666666666075e+00,1.218080735390398087e-02
4.812500000000000000e+00,1.715245529494784787e-02
4.833333333333333037e+00,6.612143705328431958e-03
4.854166666666666075e+00,-7.164753236978439743e-04
4.875000000000000000e+00,7.877676374509109611e-03
4.895833333333333037e+00,1.350533621959705208e-02
4.916666666666666075e+00,3.780529149692690456e-03
4.937500000000000000e+00,-2.627663718599357236e-03
4.958333333333333037e+00,6.773259464648876890e-03
4.979166666666666075e+00,1.325242040538981113e-02
5.000000000000000000e+00,4.460581487827773757e-03
5.020833333333333037e+00,-1.053977048249860266e-03
5.041666666666666075e+00,9.089621515683161956e-03
5.062500000000000000e+00,1.626027342125477282e-02
5.083333333333333037e+00,8.034405190458393520e-03
5.104166666666666075e+00,3.072009853703119159e-03
5.125000000000000000e+00,1.181941694350288792e-02
5.145833333333333037e+00,1.616356782632554639e-02
5.166666666666666075e+00,5.162615021647924511e-03
5.187500000000000000e+00,-2.553050743005326386e-03
5.208333333333333037e+00,5.384275006657005674e-03
5.229166666666666075e+00,1.032791617263568128e-02
5.250000000000000000e+00,-1.901918345602201209e-04
5.270833333333333037e+00,-7.418018755034477829e-03
5.291666666666666075e+00,9.903757700529772657e-04
5.312500000000000000e+00,6.308906261785951833e-03
5.333333333333333037e+00,-4.191813571562869045e-03
5.354166666666666075e+00,-1.144648175185418448e-02
5.375000000000000000e+00,-3.069960006481312498e-03
5.395833333333333037e+00,2.224599278034930863e-03
5.416666666666666075e+00,-8.063062007863200722e-03
5.437500000000000000e+00,-1.514902481510936941e-02
5.458333333333333037e+00,-6.499705226514819641e-03
5.479166666666666075e+00,-8.162446196590408083e-04
5.500000000000000000e+00,-1.080867594308264519e-02
5.520833333333333037e+00,-1.743277957269296491e-02
5.541666666666666075e+00,-8.108846504508071887e-03
5.562500000000000000e+00,-1.836675483687851343e-03
5.583333333333333037e+00,-1.114564842850300670e-02
5.604166666666666075e+00,-1.688073908169121506e-02
5.625000000000000000e+00,-6.696670604344628214e-03
5.645833333333333037e+00,3.814779725965536622e-04
5.666666666666666075e+00,-8.101823398361946912e-03
5.687500000000000000e+00,-1.307363035920627511e-02
5.708333333333333037e+00,-2.116142794223288374e-03
5.729166666666666075e+00,6.032850736180963604e-03
5.750000000000000000e+00,-1.390080769207551522e-03
5.770833333333333037e+00,-5.639002520809489882e-03
5.791666666666666075e+00,5.869205956026512898e-03
5.812500000000000000e+00,1.458196020262303438e-02
5.833333333333333037e+00,7.668590874976802252e-03
5.854166666666666075e+00,3.634039244781037820e-03
5.875000000000000000e+00,1.151486457610425770e-02
5.895833333333333037e+00,1.414172950952773643e-02
5.916666666666666075e+00,1.152834434566888484e-03
5.937500000000000000e+00,-8.584250063568894806e-03
5.958333333333333037e+00,-2.315109626061589813e-03
5.979166666666666075e+00,1.262988912498146533e-03
6.000000000000000000e+00,-7.854952975865943723e-03
6.020833333333333037e+00,-1.177548884185722691e-02
6.041666666666666075e+00,3.006262855193842496e-04
6.062500000000000000e+00,9.683364313000965284e-03
6.083333333333333037e+00,3.446053671033157129e-03
6.104166666666666075e+00,3.430565965013926627e-04
6.125000000000000000e+00,8.862339513630263649e-03
6.145833333333333037e+00,1.170745701856252055e-02
6.166666666666666075e+00,-6.871421214547931240e-04
6.187500000000000000e+00,-9.625755804379569625e-03
6.208333333333333037e+00,-2.596882050674319785e-03
6.229166666666666075e+00,1.725290652656104057e-03
6.250000000000000000e+00,-8.064740496849883214e-03
6.270833333333333037e+00,-1.349574871131149073e-02
6.291666666666666075e+00,-2.995809150591297997e-03
6.312500000000000000e+00,4.542997542559746270e-03
6.333333333333333037e+00,-3.444372014752099947e-03
6.354166666666666075e+00,-7.890823348708173382e-03
6.375000000000000000e+00,3.494496933784111813e-03
6.395833333333333037e+00,1.153944626124325280e-02
6.416666666666666075e+00,4.019997166233545138e-03
6.437500000000000000e+00,-3.894022864600526964e-05
6.458333333333333037e+00,9.141777082079902139e-03
6.479166666666666075e+00,1.315858577835080957e-02
6.500000000000000000e+00,1.599169686709311705e-03
6.520833333333333037e+00,-6.621639490220783582e-03
6.541666666666666075e+00,9.419853108628197533e-04
6.562500000000000000e+00,5.330453504271411708e-03
6.583333333333333037e+00,-5.761089881533835132e-03
6.604166666666666075e+00,-1.359174982072559879e-02
6.625000000000000000e+00,-5.513085336290178898e-03
6.645833333333333037e+00,-5.226305652110450157e-04
6.666666666666666075e+00,-9.993841996651885856e-03
6.687500000000000000e+00,-1.563613691400212932e-02
6.708333333333333037e+00,-5.382100492556441719e-03
6.729166666666666075e+00,1.783489079721451960e-03
6.750000000000000000e+00,-6.730581995633293929e-03
6.770833333333333037e+00,-1.224925501023922669e-02
6.791666666666666075e+00,-1.892353024002748837e-03
6.812500000000000000e+00,5.448321031469200403e-03
6.833333333333333037e+00,-2.907860579223792586e-03
6.854166666666666075e+00,-8.343356842747333413e-03
6.875000000000000000e+00,2.113448678588241997e-03
6.895833333333333037e+00,9.597082029836528916e-03
6.916666666666666075e+00,1.342352051110754516e-03
6.937500000000000000e+00,-4.012361329712792538e-03
6.958333333333333037e+00,6.553371679244317585e-03
6.979166666666666075e+00,1.404505044489578504e-02
7.000000000000000000e+00,5.840866033517354804e-03
7.020833333333333037e+00,7.419013483938905569e-04
7.041666666666666075e+00,1.040973219416333612e-02
7.062500000000000000e+00,1.605808685678542652e-02
7.083333333333333037e+00,6.040817384864656178e-03
7.104166666666666075e+00,-6.912355741922529941e-04
7.125000000000000000e+00,8.367643017047178902e-03
7.145833333333333037e+00,1.409569282680348673e-02
7.166666666666666075e+00,4.297208026267115497e-03
7.187500000000000000e+00,-2.077332051246226757e-03
7.208333333333333037e+00,7.228071195397645955e-03
7.229166666666666075e+00,1.291030786271751135e-02
7.250000000000000000e+00,2.993838078731892501e-03
7.270833333333333037e+00,-3.570676105637551716e-03
7.291666666666666075e+00,5.646687748100727260e-03
7.312500000000000000e+00,1.153973280273856185e-02
7.333333333333333037e+00,1.716182674075293537e-03
7.354166666666666075e+00,-4.973396666716384078e-03
7.375000000000000000e+00,4.123182336259904879e-03
7.395833333333333037e+00,1.002606537895111075e-02
7.416666666666666075e+00,3.772528038531194438e-04
7.437500000000000000e+00,-5.993174854182153379e-03
7.458333333333333037e+00,3.418804379451962153e-03
7.479166666666666075e+00,9.530920439140026443e-03
7.500000000000000000e+00,9.501483799597494791e-05
7.520833333333333037e+00,-6.095600681363325633e-03
7.541666666666666075e+00,3.522495446166577261e-03
7.562500000000000000e+00,9.813090707188009548e-03
7.583333333333333037e+00,4.577906946885276968e-04
7.604166666666666075e+00,-5.687759938079692615e-03
7.625000000000000000e+00,3.985130447255824312e-03
7.645833333333333037e+00,1.038475011538618313e-02
7.666666666666666075e+00,1.142356511215629261e-03
7.687500000000000000e+00,-4.931034859943570284e-03
7.708333333333333037e+00,4.785752721867818013e-03
7.729166666666666075e+00,1.136926975808771195e-02
7.750000000000000000e+00,2.316603593011016572e-03
7.770833333333333037e+00,-3.692539815090656319e-03
7.791666666666666075e+00,6.183019336760441249e-03
7.812500000000000000e+00,1.296812616116276712e-02
7.833333333333333037e+00,4.044696806817347709e-03
7.854166666666666075e+00,-1.879927790025435900e-03
7.875000000000000000e+00,8.065674507929164114e-03
7.895833333333333037e+00,1.488356855593019404e-02
7.916666666666666075e+00,6.023207681909186276e-03
7.937500000000000000e+00,2.458166047205940672e-04
7.958333333333333037e+00,1.028062764158162515e-02
7.979166666666666075e+00,1.720717771617767330e-02
8.000000000000000000e+00,8.469101158081334194e-03
8.020833333333332149e+00,2.878674604815064687e-03
8.041666666666666075e+00,1.214058939977132739e-02
8.062500000000000000e+00,1.733037520593496902e-02
8.083333333333332149e+00,6.853970554920496734e-03
8.104166666666666075e+00,-2.233377351274442625e-04
8.125000000000000000e+00,8.451311980375578875e-03
8.145833333333332149e+00,1.382062465678833563e-02
8.166666666666666075e+00,3.814703685228554471e-03
8.187500000000000000e+00,-2.794146373229438630e-03
8.208333333333332149e+00,6.080860413635956647e-03
8.229166666666666075e+00,1.204735148805242267e-02
8.250000000000000000e+00,2.900362443880914309e-03
8.270833333333332149e+00,-3.051756615303709546e-03
8.291666666666666075e+00,6.646252390942813774e-03
8.312500000000000000e+00,1.343656588908986871e-02
8.333333333333332149e+00,5.101701721232476672e-03
8.354166666666666075e+00,2.153782407836336290e-05
8.375000000000000000e+00,9.630723375021021937e-03
8.395833333333332149e+00,1.573657619752493950e-02
8.416666666666666075e+00,6.438825649636145676e-03
8.437500000000000000e+00,3.820869781368309856e-04
8.458333333333332149e+00,9.842825885077302606e-03
8.479166666666666075e+00,1.627707435559125684e-02
8.500000000000000000e+00,6.995732453475907164e-03
8.520833333333332149e+00,9.523850194082148727e-04
8.541666666666666075e+00,1.062476308432166658e-02
8.562500000000000000e+00,1.721914025674210758e-02
8.583333333333332149e+00,7.998232317788034687e-03
8.604166666666666075e+00,2.050051159471449717e-03
8.625000000000000000e+00,1.170054389664494307e-02
8.645833333333332149e+00,1.817614604660130334e-02
8.666666666666666075e+00,8.887281173557519398e-03
8.687500000000000000e+00,2.791148016456082397e-03
8.708333333333332149e+00,1.216521405350193784e-02
8.729166666666666075e+00,1.840143397986914939e-02
8.750000000000000000e+00,8.949169533566815604e-03
8.770833333333332149e+00,2.732581605156091456e-03
8.791666666666666075e+00,1.205361229861266932e-02
8.812500000000000000e+00,1.831456005519901953e-02
8.833333333333332149e+00,9.107086041480111360e-03
8.854166666666666075e+00,3.109853421436959212e-03
8.875000000000000000e+00,1.216544253741380990e-02
8.895833333333332149e+00,1.793065051205143187e-02
8.916666666666666075e+00,8.062514096006839423e-03
8.937500000000000000e+00,1.421803488804367121e-03
8.958333333333332149e+00,1.047844013966173042e-02
8.979166666666666075e+00,1.653676052337924376e-02
9.000000000000000000e+00,6.881488489183302214e-03
9.020833333333332149e+00,4.896651006643849445e-04
9.041666666666666075e+00,9.697265554772306270e-03
9.062500000000000000e+00,1.585127840350907674e-02
9.083333333333332149e+00,6.474466130466235807e-03
9.104166666666666075e+00,2.829973508793697770e-04
9.125000000000000000e+00,9.577999324631901457e-03
9.145833333333332149e+00,1.581249818774017185e-02
9.166666666666666075e+00,6.354378318781335466e-03
9.187500000000000000e+00,1.576311385579039833e-04
9.208333333333332149e+00,9.635388991251738616e-03
9.229166666666666075e+00,1.604227133096955762e-02
9.250000000000000000e+00,6.668916822985674828e-03
9.270833333333332149e+00,5.509001245009955599e-04
9.291666666666666075e+00,1.011221539250667031e-02
9.312500000000000000e+00,1.659050227809561601e-02
9.333333333333332149e+00,7.370516774838018099e-03
9.354166666666666075e+00,1.357404731491599487e-03
9.375000000000000000e+00,1.086049053756730012e-02
9.395833333333332149e+00,1.730912910908826569e-02
9.416666666666666075e+00,8.213936310874562011e-03
9.437500000000000000e+00,2.209712486204507172e-03
9.458333333333332149e+00,1.155410468233980872e-02
9.479166666666666075e+00,1.780752103363080277e-02
9.500000000000000000e+00,8.405815311035307394e-03
9.520833333333332149e+00,2.231954623567625889e-03
9.541666666666666075e+00,1.159421201188127332e-02
9.562500000000000000e+00,1.790380036473062514e-02
9.583333333333332149e+00,8.674940991421395409e-03
9.604166666666666075e+00,2.511716410438684984e-03
9.625000000000000000e+00,1.172964755180170779e-02
9.645833333333332149e+00,1.784034043650679219e-02
9.666666666666666075e+00,8.270286028811343892e-03
9.687500000000000000e+00,1.752420002532776265e-03
9.708333333333332149e+00,1.069442701904319004e-02
9.729166666666666075e+00,1.636826943124557177e-02
9.750000000000000000e+00,6.265124799651973497e-03
9.770833333333332149e+00,-8.722594074408333625e-04
9.791666666666666075e+00,7.344009411380928755e-03
9.812500000000000000e+00,1.222956428333595198e-02
9.833333333333332149e+00,1.184731543092270656e-03
9.854166666666666075e+00,-6.866154960104331288e-03
9.875000000000000000e+00,4.587265514132506843e-04
9.895833333333332149e+00,4.425918519203557791e-03
9.916666666666666075e+00,-6.389545351007331654e-03
9.937500000000000000e+00,-1.354330001550294038e-02
9.958333333333332149e+00,-5.396036264726545260e-03
9.979166666666666075e+00,-5.551654368107216417e-04
1.000000000000000000e+01,-1.012276306335823349e-02
1.002083333333333215e+01,-1.585329932359592908e-02
1.004166666666666607e+01,-6.243039515252590300e-03
1.006250000000000000e+01,4.201109012674198812e-05
1.008333333333333215e+01,-9.616588354951556561e-03
1.010416666666666607e+01,-1.628442485428312561e-02
1.012500000000000000e+01,-7.548687937163819743e-03
1.014583333333333215e+01,-2.174430385406127351e-03
1.016666666666666607e+01,-1.164443612429655675e-02
1.018750000000000000e+01,-1.749315630759115323e-02
1.020833333333333215e+01,-7.775433863688693478e-03
1.022916666666666607e+01,-1.237327776961316987e-03
1.025000000000000000e+01,-1.051558302321054482e-02
1.027083333333333215e+01,-1.690243652375615288e-02
1.029166666666666607e+01,-7.574124533991099389e-03
1.031250000000000000e+01,-1.450981709894113387e-03
1.033333333333333215e+01,-1.132324994385097532e-02
1.035416666666666607e+01,-1.826973031630481359e-02
1.037500000000000000e+01,-9.602330778226829400e-03
1.039583333333333215e+01,-4.341172885273566172e-03
1.041666666666666607e+01,-1.310276041894776686e-02
1.043750000000000000e+01,-1.779140779693852772e-02
1.045833333333333215e+01,-6.898924019850118800e-03
1.047916666666666607e+01,7.578070298982003336e-04
1.050000000000000000e+01,-7.553106675122277930e-03
1.052083333333333215e+01,-1.300927737560672592e-02
1.054166666666666607e+01,-2.843152680569143841e-03
1.056250000000000000e+01,3.940733134356764512e-03
1.058333333333333215e+01,-5.214754956180365185e-03
1.060416666666666607e+01,-1.149596734766097569e-02
1.062500000000000000e+01,-2.254534349596424170e-03
1.064583333333333215e+01,3.476442401614829661e-03
1.066666666666666607e+01,-6.696702578413165144e-03
1.068750000000000000e+01,-1.374208480017083747e-02
1.070833333333333215e+01,-5.202347579838894308e-03
1.072916666666666607e+01,4.966831438385407974e-05
1.075000000000000000e+01,-1.004306481169261155e-02
1.077083333333333215e+01,-1.654330422765890388e-02
1.079166666666666607e+01,-7.402670080148166833e-03
1.081250000000000000e+01,-1.322771070856446941e-03
1.083333333333333215e+01,-1.104974544612076851e-02
1.085416666666666607e+01,-1.775177018799174375e-02
1.087500000000000000e+01,-8.699229866906701969e-03
1.089583333333333215e+01,-2.446667329921949161e-03
1.091666666666666607e+01,-1.212254982939317202e-02
1.093750000000000000e+01,-1.887828720331468507e-02
1.095833333333333215e+01,-9.925536810009709041e-03
1.097916666666666607e+01,-3.877130173734322401e-03
1.100000000000000000e+01,-1.324059000721501504e-02
1.102083333333333215e+01,-1.927375981826404475e-02
1.104166666666666607e+01,-9.614887779568363768e-03
1.106250000000000000e+01,-2.929750730903674452e-03
1.108333333333333215e+01,-1.207644704495967197e-02
1.110416666666666607e+01,-1.818764450838150984e-02
1.112500000000000000e+01,-8.625285621870417904e-03
1.114583333333333215e+01,-2.077119139066945560e-03
1.116666666666666607e+01,-1.146063422174476397e-02
1.118750000000000000e+01,-1.775237146714412489e-02
1.120833333333333215e+01,-8.357903378380488260e-03
1.122916666666666607e+01,-2.024859535898894218e-03
1.125000000000000000e+01,-1.154726573831010156e-02
1.127083333333333215e+01,-1.797648081403760770e-02
1.129166666666666607e+01,-8.782305892999690486e-03
1.131250000000000000e+01,-2.677576321521597628e-03
1.133333333333333215e+01,-1.243901966621275765e-02
1.135416666666666607e+01,-1.897533312456175722e-02
1.137500000000000000e+01,-9.839768801392055619e-03
1.139583333333333215e+01,-3.894613013585671111e-03
1.141666666666666607e+01,-1.326917252321713203e-02
1.143750000000000000e+01,-1.896170048277842635e-02
1.145833333333333215e+01,-9.002018199624744338e-03
1.147916666666666607e+01,-2.327299168086027856e-03
1.150000000000000000e+01,-1.145014956687751689e-02
1.152083333333333215e+01,-1.719796645995649853e-02
1.154166666666666607e+01,-7.352364275033806615e-03
1.156250000000000000e+01,-8.558773233664917915e-04
1.158333333333333215e+01,-1.011388092468455853e-02
1.160416666666666607e+01,-1.606397650401794261e-02
1.162500000000000000e+01,-6.502634045656170009e-03
1.164583333333333215e+01,-2.507605314151102041e-04
1.166666666666666607e+01,-9.772606767899772937e-03
1.168750000000000000e+01,-1.587209179962347297e-02
1.170833333333333215e+01,-6.334356150549735193e-03
1.172916666666666607e+01,-5.314630310817039462e-05
1.175000000000000000e+01,-9.582065192764274014e-03
1.177083333333333215e+01,-1.580774325128676133e-02
1.179166666666666607e+01,-6.394837564538841460e-03
1.181250000000000000e+01,-1.544822726226827592e-04
1.183333333333333215e+01,-9.752068663078832314e-03
1.185416666666666607e+01,-1.622659306156958026e-02
1.187500000000000000e+01,-7.069879527089319507e-03
1.189583333333333215e+01,-9.329126794578130807e-04
1.191666666666666607e+01,-1.066588926553423480e-02
1.193750000000000000e+01,-1.735600160773619755e-02
1.195833333333333215e+01,-8.373151112713944633e-03
1.197916666666666607e+01,-2.332730050812771832e-03
1.200000000000000000e+01,-1.213500656551066634e-02
1.202083333333333215e+01,-1.897694034427246587e-02
1.204166666666666607e+01,-1.006398412556489159e-02
1.206250000000000000e+01,-3.947994200608849653e-03
1.208333333333333215e+01,-1.342331544487326833e-02
1.210416666666666607e+01,-1.979660151666997811e-02
1.212500000000000000e+01,-1.041972889661684290e-02
1.214583333333333215e+01,-3.873453264539198065e-03
1.216666666666666607e+01,-1.325299411932936121e-02
1.218750000000000000e+01,-1.964216327666976070e-02
1.220833333333333215e+01,-1.032242346622379812e-02
1.222916666666666607e+01,-4.004034006303280879e-03
1.225000000000000000e+01,-1.355687861595804809e-02
1.227083333333333215e+01,-1.994341131706522940e-02
1.229166666666666607e+01,-1.064754403989044695e-02
1.231250000000000000e+01,-4.495481381990420154e-03
1.233333333333333215e+01,-1.371841666464514685e-02
1.235416666666666607e+01,-1.939462410557593955e-02
1.237500000000000000e+01,-9.402629041853207553e-03
1.239583333333333215e+01,-2.641726973595320306e-03
1.241666666666666607e+01,-1.170344421107837041e-02
1.243750000000000000e+01,-1.731347754122115196e-02
1.245833333333333215e+01,-7.281071068240021343e-03
1.247916666666666607e+01,-6.832885322479699758e-04
1.250000000000000000e+01,-9.833043547694606326e-03
1.252083333333333215e+01,-1.575502280382092349e-02
1.254166666666666607e+01,-6.372855613645285813e-03
1.256250000000000000e+01,-3.026350425846890220e-04
1.258333333333333215e+01,-9.719290602227065312e-03
1.260416666666666607e+01,-1.629411222253322744e-02
1.262500000000000000e+01,-7.626087092744174463e-03
1.264583333333333215e+01,-2.126031683483804290e-03
1.266666666666666607e+01,-1.122131562914067439e-02
1.268750000000000000e+01,-1.687585174925046103e-02
1.270833333333333215e+01,-7.086126836815948016e-03
1.272916666666666607e+01,-4.165908733290222665e-04
1.275000000000000000e+01,-9.031487727450744976e-03
1.277083333333333215e+01,-1.464999318990158235e-02
1.279166666666666607e+01,-4.994570526866966981e-03
1.281250000000000000e+01,1.439491268928475183e-03
1.283333333333333215e+01,-7.622072958628768082e-03
1.285416666666666607e+01,-1.371684486542058649e-02
1.287500000000000000e+01,-4.147568646522451809e-03
1.289583333333333215e+01,2.189289489297714403e-03
1.291666666666666607e+01,-7.182118631900848843e-03
1.293750000000000000e+01,-1.348853666175151705e-02
1.295833333333333215e+01,-3.949388425385713490e-03
1.297916666666666607e+01,2.321083250332457715e-03
