0.000000000000000000e+00,0.000000000000000000e+00
2.083333333333333218e-02,-1.586307028314092190e-04
4.166666666666666435e-02,-3.737969187477113426e-04
6.250000000000000000e-02,3.404158344524121698e-04
8.333333333333332871e-02,3.208118683012975100e-04
1.041666666666666574e-01,4.733649094945891790e-03
1.250000000000000000e-01,-1.075833433635651343e-02
1.458333333333333148e-01,4.580332892477074341e-03
1.666666666666666574e-01,3.194767045269383127e-02
1.875000000000000000e-01,-6.391108616583759949e-02
2.083333333333333148e-01,4.472226935926569905e-03
2.291666666666666574e-01,1.410504609498193784e-01
2.500000000000000000e-01,-1.741261618520675847e-01
2.708333333333333148e-01,-1.095602825381565004e-01
2.916666666666666297e-01,3.774758746622357553e-01
3.125000000000000000e-01,1.754670750888300268e-01
3.333333333333333148e-01,-5.647405743928747279e-01
3.541666666666666297e-01,-5.086818271614823583e-01
3.750000000000000000e-01,2.240504037153050743e-01
3.958333333333333148e-01,3.817459445009746544e-01
4.166666666666666297e-01,-1.708815697008545242e-01
4.375000000000000000e-01,-1.150676308453899982e-01
4.583333333333333148e-01,4.460231105227011605e-01
4.791666666666666297e-01,2.127030341549595860e-01
5.000000000000000000e-01,-5.065280393354094635e-01
5.208333333333332593e-01,-3.016593351349272090e-01
5.416666666666666297e-01,4.294789901907574703e-01
5.625000000000000000e-01,2.176723522557593715e-01
5.833333333333332593e-01,-4.617530820280000281e-01
6.041666666666666297e-01,-1.860336589960809028e-01
6.250000000000000000e-01,5.303043237065953042e-01
6.458333333333332593e-01,2.721286296535547211e-01
6.666666666666666297e-01,-4.326252407268905698e-01
6.875000000000000000e-01,-1.733563570279349486e-01
7.083333333333332593e-01,4.906440715320736778e-01
7.291666666666666297e-01,1.929606081576927812e-01
7.500000000000000000e-01,-5.136753437892574992e-01
7.708333333333332593e-01,-2.653698149456402144e-01
7.916666666666666297e-01,4.466675956598045172e-01
8.125000000000000000e-01,2.901039552269545352e-01
8.333333333333332593e-01,-3.701660970573332210e-01
8.541666666666666297e-01,-2.398403025224155605e-01
8.750000000000000000e-01,4.280757708863931477e-01
8.958333333333332593e-01,3.012287920700074673e-01
9.166666666666666297e-01,-3.699584438461149816e-01
9.375000000000000000e-01,-2.246588674491326043e-01
9.583333333333332593e-01,4.794941357207148647e-01
9.791666666666666297e-01,3.387317074462424804e-01
1.000000000000000000e+00,-3.733544724142665583e-01
1.020833333333333259e+00,-2.255801866424228530e-01
1.041666666666666519e+00,4.670478207480387445e-01
1.062500000000000000e+00,2.928853369407099505e-01
1.083333333333333259e+00,-4.070064797736033246e-01
1.104166666666666519e+00,-2.603329017641953236e-01
1.125000000000000000e+00,3.868354791292183403e-01
1.145833333333333259e+00,2.626255494047702310e-01
1.166666666666666519e+00,-3.994228493181209982e-01
1.187500000000000000e+00,-3.108878749961028753e-01
1.208333333333333259e+00,2.959470860994942720e-01
1.229166666666666519e+00,1.798907193461345144e-01
1.250000000000000000e+00,-4.321049926467996904e-01
1.270833333333333259e+00,-3.009467678191717344e-01
1.291666666666666519e+00,4.066294098728588935e-01
1.312500000000000000e+00,3.118190541375731595e-01
1.333333333333333259e+00,-4.038529144187962827e-01
1.354166666666666519e+00,-2.722904723066353894e-01
1.375000000000000000e+00,4.519455574757042515e-01
1.395833333333333259e+00,3.152966982767938520e-01
1.416666666666666519e+00,-4.372311981665885083e-01
1.437500000000000000e+00,-2.806151467153856771e-01
1.458333333333333259e+00,5.019729131815768852e-01
1.479166666666666519e+00,3.423432864672050213e-01
1.500000000000000000e+00,-4.881107944665510345e-01
1.520833333333333259e+00,-3.222597668687590677e-01
1.541666666666666519e+00,5.257989229769735040e-01
1.562500000000000000e+00,3.582312117815233954e-01
1.583333333333333259e+00,-5.115359129048289155e-01
1.604166666666666519e+00,-3.340088288594262322e-01
1.625000000000000000e+00,5.286115062456665514e-01
1.645833333333333259e+00,3.806187509598807361e-01
1.666666666666666519e+00,-4.771199407073685728e-01
1.687500000000000000e+00,-2.976067318847405718e-01
1.708333333333333259e+00,5.564244512408264010e-01
1.729166666666666519e+00,3.757600761456929006e-01
1.750000000000000000e+00,-4.866598032344079394e-01
1.770833333333333259e+00,-3.144210242083289031e-01
1.791666666666666519e+00,4.981824039412721672e-01
1.812500000000000000e+00,3.137319445782044136e-01
1.833333333333333259e+00,-5.239171573284574501e-01
1.854166666666666519e+00,-3.512422964278338888e-01
1.875000000000000000e+00,4.618011052449231268e-01
1.895833333333333259e+00,2.991541515544724472e-01
1.916666666666666519e+00,-5.038949643615155960e-01
1.937500000000000000e+00,-3.409206212095802768e-01
1.958333333333333259e+00,4.345336986596428641e-01
1.979166666666666519e+00,2.798056120353769050e-01
2.000000000000000000e+00,-4.848060588654631298e-01
2.020833333333333037e+00,-3.357055034093183177e-01
2.041666666666666519e+00,4.080881061700792900e-01
2.062500000000000000e+00,2.480359030721061564e-01
2.083333333333333037e+00,-4.978976156472746384e-01
2.104166666666666519e+00,-3.533758739233666124e-01
2.125000000000000000e+00,3.808396277075812297e-01
2.145833333333333037e+00,2.269217315534645119e-01
2.166666666666666519e+00,-5.029044417833097302e-01
2.187500000000000000e+00,-3.591986161745666095e-01
2.208333333333333037e+00,3.716865819499546308e-01
2.229166666666666519e+00,2.286743118075267867e-01
2.250000000000000000e+00,-4.966012111268900409e-01
2.270833333333333037e+00,-3.463542341873462882e-01
2.291666666666666519e+00,3.980009563498439484e-01
2.312500000000000000e+00,2.593842056938120422e-01
2.333333333333333037e+00,-4.576901479139187656e-01
2.354166666666666519e+00,-2.907410686175553316e-01
2.375000000000000000e+00,4.675465164479624680e-01
2.395833333333333037e+00,3.253520828424698030e-01
2.416666666666666519e+00,-4.260971140489174247e-01
2.437500000000000000e+00,-2.700240858906255426e-01
2.458333333333333037e+00,4.852724773941048397e-01
2.479166666666666519e+00,3.347547100526476194e-01
2.500000000000000000e+00,-4.263742627898718940e-01
2.520833333333333037e+00,-2.663912977399420789e-01
2.541666666666666519e+00,4.849580285786799227e-01
2.562500000000000000e+00,3.267111620178961839e-01
2.583333333333333037e+00,-4.308484129090515147e-01
2.604166666666666519e+00,-2.741564308722602705e-01
2.625000000000000000e+00,4.694002006106958724e-01
2.645833333333333037e+00,3.075072028459765461e-01
2.666666666666666519e+00,-4.469780423817718562e-01
2.687500000000000000e+00,-2.740990334191959477e-01
2.708333333333333037e+00,4.744725297003603570e-01
2.729166666666666519e+00,3.089114147974178493e-01
2.750000000000000000e+00,-4.472045430564792201e-01
2.770833333333333037e+00,-2.916376650645275403e-01
2.791666666666666519e+00,4.496965174628362316e-01
2.812500000000000000e+00,2.894239007849086498e-01
2.833333333333333037e+00,-4.626427550796752275e-01
2.854166666666666519e+00,-3.152243155373712358e-01
2.875000000000000000e+00,4.324510408692436858e-01
2.895833333333333037e+00,2.737408397514484726e-01
2.916666666666666519e+00,-4.932288921376959401e-01
2.937500000000000000e+00,-3.485595130863547442e-01
2.958333333333333037e+00,4.003232950735369222e-01
2.979166666666666519e+00,2.358866244587918826e-01
3.000000000000000000e+00,-5.419807511527734434e-01
3.020833333333333037e+00,-3.923545849858867118e-01
3.041666666666666519e+00,3.668489825112795089e-01
3.062500000000000000e+00,2.124197322025615509e-01
3.083333333333333037e+00,-4.046787693715357959e-01
3.104166666666666519e+00,-1.495680349868543646e-01
3.125000000000000000e+00,6.145303626591192003e-01
3.145833333333333037e+00,4.474885683207802667e-01
3.166666666666666519e+00,-3.447205248473652062e-01
3.187500000000000000e+00,-1.984427116261821555e-01
3.208333333333333037e+00,5.339801600248772484e-01
3.229166666666666519e+00,3.506943272943658374e-01
3.250000000000000000e+00,-4.199321000486971878e-01
3.270833333333333037e+00,-2.713089707155361130e-01
3.291666666666666519e+00,4.806394757150115327e-01
3.312500000000000000e+00,3.209625044720202935e-01
3.333333333333333037e+00,-4.405209797136066530e-01
3.354166666666666519e+00,-2.949187705984911423e-01
3.375000000000000000e+00,4.590611416046594395e-01
3.395833333333333037e+00,2.986068354357994670e-01
3.416666666666666519e+00,-4.580562909374996106e-01
3.437500000000000000e+00,-3.100187421504988494e-01
3.458333333333333037e+00,4.486819710984581988e-01
3.479166666666666519e+00,2.881833795495721828e-01
3.500000000000000000e+00,-4.630230196525446096e-01
3.520833333333333037e+00,-3.074255415836638639e-01
3.541666666666666519e+00,4.513657826490182767e-01
3.562500000000000000e+00,2.923688399269706029e-01
3.583333333333333037e+00,-4.571263273436472763e-01
3.604166666666666519e+00,-3.008232692334162905e-01
3.625000000000000000e+00,4.577003170020163547e-01
3.645833333333333037e+00,3.044360815523848851e-01
3.666666666666666519e+00,-4.415838344464933507e-01
3.687500000000000000e+00,-2.858604327138699608e-01
3.708333333333333037e+00,4.737474857538221951e-01
3.729166666666666519e+00,3.110949447326081252e-01
3.750000000000000000e+00,-4.396697948095940056e-01
3.770833333333333037e+00,-2.804856162362125982e-01
3.791666666666666519e+00,4.771830790388410515e-01
3.812500000000000000e+00,3.167266382486181864e-01
3.833333333333333037e+00,-4.301269109240837274e-01
3.854166666666666519e+00,-2.696641029109343446e-01
3.875000000000000000e+00,4.467718047418438587e-01
3.895833333333333037e+00,2.515753763907378482e-01
3.916666666666666519e+00,-4.982853173772722188e-01
3.937500000000000000e+00,-3.343834066511092717e-01
3.958333333333333037e+00,4.208572843265520613e-01
3.979166666666666519e+00,2.667356345726051292e-01
4.000000000000000000e+00,-4.740243165674215553e-01
4.020833333333333037e+00,-3.146636596855921786e-01
4.041666666666666075e+00,4.421660191158917064e-01
4.062500000000000000e+00,3.018995242270484658e-01
4.083333333333333037e+00,-4.287778903139344289e-01
4.104166666666666075e+00,-2.743719603931311646e-01
4.125000000000000000e+00,4.785348214976704040e-01
4.145833333333333037e+00,3.374166703432187608e-01
4.166666666666666075e+00,-3.978002009390215754e-01
4.187500000000000000e+00,-2.377839726433067513e-01
4.208333333333333037e+00,4.312102730030029085e-01
4.229166666666666075e+00,2.255525793223844000e-01
4.250000000000000000e+00,-5.175454380999939819e-01
4.270833333333333037e+00,-3.580484530127510112e-01
4.291666666666666075e+00,4.121983226069945716e-01
4.312500000000000000e+00,2.702796025996921925e-01
4.333333333333333037e+00,-4.708034100295094282e-01
4.354166666666666075e+00,-3.101096177117924624e-01
4.375000000000000000e+00,4.496758254628843154e-01
4.395833333333333037e+00,3.051766794785364945e-01
4.416666666666666075e+00,-4.392506055713534252e-01
4.437500000000000000e+00,-2.791309175582241675e-01
4.458333333333333037e+00,4.891639427514080651e-01
4.479166666666666075e+00,3.439523348941303516e-01
4.500000000000000000e+00,-3.943560528842453561e-01
4.520833333333333037e+00,-2.362832395258925300e-01
4.541666666666666075e+00,4.556055821833965291e-01
4.562500000000000000e+00,2.689389597670436283e-01
4.583333333333333037e+00,-4.667192675136587754e-01
4.604166666666666075e+00,-3.080048828676638095e-01
4.625000000000000000e+00,4.552430199498210817e-01
4.645833333333333037e+00,3.135621901207737428e-01
4.666666666666666075e+00,-4.263611038771081274e-01
4.687500000000000000e+00,-2.658064160732185321e-01
4.708333333333333037e+00,4.732616811639344667e-01
4.729166666666666075e+00,3.136368131559651440e-01
4.750000000000000000e+00,-4.212747950782569362e-01
4.770833333333333037e+00,-2.633747230196689104e-01
4.791666666666666075e+00,4.236077496492416383e-01
4.812500000000000000e+00,2.386391011701056164e-01
4.833333333333333037e+00,-5.059349563017319085e-01
4.854166666666666075e+00,-3.517737133932612448e-01
4.875000000000000000e+00,4.125192815139337998e-01
4.895833333333333037e+00,2.701276725642212106e-01
4.916666666666666075e+00,-4.667907393554093787e-01
4.937500000000000000e+00,-3.075932576780182615e-01
4.958333333333333037e+00,4.512443127959152589e-01
4.979166666666666075e+00,3.109997251555648434e-01
5.000000000000000000e+00,-4.220082680429777522e-01
5.020833333333333037e+00,-2.646988097317264366e-01
5.041666666666666075e+00,4.868927310687850563e-01
5.062500000000000000e+00,3.441912914674373214e-01
5.083333333333333037e+00,-3.948416750782262064e-01
5.104166666666666075e+00,-2.381949761642531693e-01
5.125000000000000000e+00,4.198755403103888728e-01
5.145833333333333037e+00,2.085192423754876068e-01
5.166666666666666075e+00,-5.280457346245257533e-01
5.187500000000000000e+00,-3.703519567033560222e-01
5.208333333333333037e+00,3.809916359837919320e-01
5.229166666666666075e+00,2.372947759669764289e-01
5.250000000000000000e+00,-5.048691843454032879e-01
5.270833333333333037e+00,-3.469356921827643214e-01
5.291666666666666075e+00,4.036029372041978758e-01
5.312500000000000000e+00,2.552894636031827758e-01
5.333333333333333037e+00,-5.040345520007434299e-01
5.354166666666666075e+00,-3.482240726539831410e-01
5.375000000000000000e+00,4.020730437778978761e-01
5.395833333333333037e+00,2.541388456567796883e-01
5.416666666666666075e+00,-4.938077417231103161e-01
5.437500000000000000e+00,-3.401262147478161246e-01
5.458333333333333037e+00,4.151673402525384304e-01
5.479166666666666075e+00,2.728061091290773787e-01
5.500000000000000000e+00,-4.796367035243330745e-01
5.520833333333333037e+00,-3.179569742212953187e-01
5.541666666666666075e+00,4.475487872728748373e-01
5.562500000000000000e+00,3.010642089993705861e-01
5.583333333333333037e+00,-4.468307013511274572e-01
5.604166666666666075e+00,-2.752843513530339736e-01
5.625000000000000000e+00,4.888352869126361688e-01
5.645833333333333037e+00,3.397511316931767222e-01
5.666666666666666075e+00,-4.071984658060080475e-01
5.687500000000000000e+00,-2.386467341205277537e-01
5.708333333333333037e+00,5.259594031191833219e-01
5.729166666666666075e+00,3.911516894594040950e-01
5.750000000000000000e+00,-3.563007122586486775e-01
5.770833333333333037e+00,-2.039482440768930205e-01
5.791666666666666075e+00,5.523940068881281196e-01
5.812500000000000000e+00,4.182122038366329897e-01
5.833333333333333037e+00,-3.318417277270191423e-01
5.854166666666666075e+00,-1.936584782493966927e-01
5.875000000000000000e+00,3.782796159035145545e-01
5.895833333333333037e+00,1.260895168043269787e-01
5.916666666666666075e+00,-6.234669635981207048e-01
5.937500000000000000e+00,-4.673800559105175667e-01
5.958333333333333037e+00,3.009187410003506535e-01
5.979166666666666075e+00,1.717487298508673377e-01
6.000000000000000000e+00,-4.376612106414763392e-01
6.020833333333333037e+00,-1.881857215675815931e-01
6.041666666666666075e+00,5.796535261140773887e-01
6.062500000000000000e+00,4.503714253191158923e-01
6.083333333333333037e+00,-2.993909108144547915e-01
6.104166666666666075e+00,-1.489438595775247065e-01
6.125000000000000000e+00,4.089255800221858195e-01
6.145833333333333037e+00,1.365656402367483313e-01
6.166666666666666075e+00,-5.949407587208310755e-01
6.187500000000000000e+00,-4.290534567803893085e-01
6.208333333333333037e+00,3.373859401778520062e-01
6.229166666666666075e+00,2.074642897598603652e-01
6.250000000000000000e+00,-4.699214951762873405e-01
6.270833333333333037e+00,-2.606883942941571330e-01
6.291666666666666075e+00,5.039970989145692304e-01
6.312500000000000000e+00,3.618627212712500762e-01
6.333333333333333037e+00,-3.833937387509686601e-01
6.354166666666666075e+00,-2.134296640298915249e-01
6.375000000000000000e+00,5.464953735596297379e-01
6.395833333333333037e+00,3.861575677180387745e-01
6.416666666666666075e+00,-3.609335565604659957e-01
6.437500000000000000e+00,-1.948289949542184041e-01
6.458333333333333037e+00,4.406744309148435956e-01
6.479166666666666075e+00,1.928068174210035568e-01
6.500000000000000000e+00,-5.548519723987919150e-01
6.520833333333333037e+00,-3.945988404926445425e-01
6.541666666666666075e+00,3.630539904520129757e-01
6.562500000000000000e+00,2.106464732836124121e-01
6.583333333333333037e+00,-5.323940825186519454e-01
6.604166666666666075e+00,-3.758716770812046137e-01
6.625000000000000000e+00,3.877758952529001268e-01
6.645833333333333037e+00,2.395418290117984350e-01
6.666666666666666075e+00,-4.546181487091603968e-01
6.687500000000000000e+00,-2.708301560328116864e-01
6.708333333333333037e+00,4.921937482293930466e-01
6.729166666666666075e+00,3.439482994693389140e-01
6.750000000000000000e+00,-4.086754116170278062e-01
6.770833333333333037e+00,-2.648963047010847727e-01
6.791666666666666075e+00,4.971312953393509648e-01
6.812500000000000000e+00,3.523523546626535774e-01
6.833333333333333037e+00,-4.010967173132636843e-01
6.854166666666666075e+00,-2.609038206491299805e-01
6.875000000000000000e+00,5.019266650241076544e-01
6.895833333333333037e+00,3.592144008599177929e-01
6.916666666666666075e+00,-3.962270389788371538e-01
6.937500000000000000e+00,-2.570262422795302482e-01
6.958333333333333037e+00,5.071551844299413414e-01
6.979166666666666075e+00,3.596005807512704378e-01
7.000000000000000000e+00,-3.938008517461646929e-01
7.020833333333333037e+00,-2.447503048859262786e-01
7.041666666666666075e+00,4.640558805969334233e-01
7.062500000000000000e+00,2.711210238058603395e-01
7.083333333333333037e+00,-4.808289346521970042e-01
7.104166666666666075e+00,-3.231385420347316351e-01
7.125000000000000000e+00,4.348261723794927258e-01
7.145833333333333037e+00,2.749463908683027480e-01
7.166666666666666075e+00,-4.703272704257458470e-01
7.187500000000000000e+00,-3.059779237206404767e-01
7.208333333333333037e+00,4.466593558389058694e-01
7.229166666666666075e+00,2.727473600313535251e-01
7.250000000000000000e+00,-4.759905496313097117e-01
7.270833333333333037e+00,-3.150966808497333016e-01
7.291666666666666075e+00,4.424334649794373631e-01
7.312500000000000000e+00,2.828661626226160464e-01
7.333333333333333037e+00,-4.715304061758368581e-01
7.354166666666666075e+00,-3.210998083580005047e-01
7.375000000000000000e+00,4.366357921428619115e-01
7.395833333333333037e+00,2.833383860491778816e-01
7.416666666666666075e+00,-4.631430036047036181e-01
7.437500000000000000e+00,-3.057805275856930738e-01
7.458333333333333037e+00,4.517750032144375871e-01
7.479166666666666075e+00,2.933815708650270859e-01
7.500000000000000000e+00,-4.529234688549144128e-01
7.520833333333333037e+00,-2.971495449292463897e-01
7.541666666666666075e+00,4.616686141214353389e-01
7.562500000000000000e+00,3.019485725290287359e-01
7.583333333333333037e+00,-4.490544005999750898e-01
7.604166666666666075e+00,-2.949864303728745862e-01
7.625000000000000000e+00,4.642987384961048125e-01
7.645833333333333037e+00,3.071817440702572233e-01
7.666666666666666075e+00,-4.436348930001865476e-01
7.687500000000000000e+00,-2.915227858156416163e-01
7.708333333333333037e+00,4.664058039269466382e-01
7.729166666666666075e+00,3.160088177385549368e-01
7.750000000000000000e+00,-4.345279759236814199e-01
7.770833333333333037e+00,-2.884388835888803126e-01
7.791666666666666075e+00,4.740268392888526416e-01
7.812500000000000000e+00,3.256851275713116278e-01
7.833333333333333037e+00,-4.283246090085801594e-01
7.854166666666666075e+00,-2.843819806484536028e-01
7.875000000000000000e+00,4.773889103018207902e-01
7.895833333333333037e+00,3.272589143040494086e-01
7.916666666666666075e+00,-4.252973219530084004e-01
7.937500000000000000e+00,-2.773147717050524208e-01
7.958333333333333037e+00,4.816709297693294589e-01
7.979166666666666075e+00,3.324744035806103115e-01
8.000000000000000000e+00,-4.194276747886243051e-01
8.020833333333332149e+00,-2.683404745567809502e-01
8.041666666666666075e+00,4.445719101579006516e-01
8.062500000000000000e+00,2.491097186958547982e-01
8.083333333333332149e+00,-5.028674232486947115e-01
8.104166666666666075e+00,-3.397107979223011887e-01
8.125000000000000000e+00,4.163831863441450620e-01
8.145833333333332149e+00,2.577270084678123241e-01
8.166666666666666075e+00,-4.802842066348695371e-01
8.187500000000000000e+00,-3.172248028059836411e-01
8.208333333333332149e+00,4.260003257695389456e-01
8.229166666666666075e+00,2.863915715719903554e-01
8.250000000000000000e+00,-4.390554741202323807e-01
8.270833333333332149e+00,-2.857017148408619311e-01
8.291666666666666075e+00,4.655044322998330708e-01
8.312500000000000000e+00,3.259350479110586507e-01
8.333333333333332149e+00,-4.000734800571548178e-01
8.354166666666666075e+00,-2.438478670633974499e-01
8.375000000000000000e+00,4.612409064452476226e-01
8.395833333333332149e+00,2.930809354801880429e-01
8.416666666666666075e+00,-4.462920262986621034e-01
8.437500000000000000e+00,-2.907234562319671034e-01
8.458333333333332149e+00,4.541154675331426915e-01
8.479166666666666075e+00,3.088439265846698034e-01
8.500000000000000000e+00,-4.455044113015367846e-01
8.520833333333332149e+00,-2.900806768352492404e-01
8.541666666666666075e+00,4.642741471158456923e-01
8.562500000000000000e+00,3.165301042761811678e-01
8.583333333333332149e+00,-4.426035810697954709e-01
8.604166666666666075e+00,-2.855126955991960647e-01
8.625000000000000000e+00,4.632236513843276393e-01
8.645833333333332149e+00,3.108289031979052930e-01
8.666666666666666075e+00,-4.458655139061016293e-01
8.687500000000000000e+00,-2.926143915408689899e-01
8.708333333333332149e+00,4.499551697782011028e-01
8.729166666666666075e+00,2.993385564656261266e-01
8.750000000000000000e+00,-4.537086934225120216e-01
8.770833333333332149e+00,-2.983962205637147314e-01
8.791666666666666075e+00,4.474094732859157375e-01
8.812500000000000000e+00,3.005254923161447822e-01
8.833333333333332149e+00,-4.419587526585075921e-01
8.854166666666666075e+00,-2.878671657620712754e-01
8.875000000000000000e+00,4.346682775668888610e-01
8.895833333333332149e+00,2.767299827826058545e-01
8.916666666666666075e+00,-4.736705479701404098e-01
8.937500000000000000e+00,-3.187541091457186671e-01
8.958333333333332149e+00,4.347185592411534349e-01
8.979166666666666075e+00,2.907993784184406127e-01
9.000000000000000000e+00,-4.634530576414051528e-01
9.020833333333332149e+00,-3.068075226489080376e-01
9.041666666666666075e+00,4.419648217971802184e-01
9.062500000000000000e+00,2.953926167393650104e-01
9.083333333333332149e+00,-4.500869891060563233e-01
9.104166666666666075e+00,-2.971905014201695616e-01
9.125000000000000000e+00,4.461600947401215267e-01
9.145833333333332149e+00,2.992559454291969789e-01
9.166666666666666075e+00,-4.539897537100241465e-01
9.187500000000000000e+00,-2.974438646507246986e-01
9.208333333333332149e+00,4.549323769293039943e-01
9.229166666666666075e+00,3.075303523064553124e-01
9.250000000000000000e+00,-4.499210163832263465e-01
9.270833333333332149e+00,-2.936648015272645962e-01
9.291666666666666075e+00,4.589431328642723518e-01
9.312500000000000000e+00,3.109577705082693933e-01
9.333333333333332149e+00,-4.425593041563647412e-01
9.354166666666666075e+00,-2.886293780806281073e-01
9.375000000000000000e+00,4.561481186916336306e-01
9.395833333333332149e+00,3.095346514330063470e-01
9.416666666666666075e+00,-4.365692543142577486e-01
9.437500000000000000e+00,-2.882027435841626462e-01
9.458333333333332149e+00,4.485308254144945161e-01
9.479166666666666075e+00,3.001639848619677142e-01
9.500000000000000000e+00,-4.512818746845838058e-01
9.520833333333332149e+00,-2.963453129984486845e-01
9.541666666666666075e+00,4.493883546390550765e-01
9.562500000000000000e+00,3.028602409367688875e-01
9.583333333333332149e+00,-4.429852499188430270e-01
9.604166666666666075e+00,-2.958347798871701073e-01
9.625000000000000000e+00,4.424606947854250460e-01
9.645833333333332149e+00,2.933132584658440511e-01
9.666666666666666075e+00,-4.593626115693815182e-01
9.687500000000000000e+00,-3.128575692613712600e-01
9.708333333333332149e+00,4.292163367924998196e-01
9.729166666666666075e+00,2.723444357857143228e-01
9.750000000000000000e+00,-4.849509423164927169e-01
9.770833333333332149e+00,-3.425944419404547414e-01
9.791666666666666075e+00,3.943809033034446077e-01
9.812500000000000000e+00,2.345066338538411288e-01
9.833333333333332149e+00,-5.301519715316966863e-01
9.854166666666666075e+00,-3.864425521534369246e-01
9.875000000000000000e+00,3.515943125528439017e-01
9.895833333333332149e+00,1.904252144539347325e-01
9.916666666666666075e+00,-5.191422657701227905e-01
9.937500000000000000e+00,-3.433802238957892050e-01
9.958333333333332149e+00,3.910686600372669242e-01
9.979166666666666075e+00,2.323617997399595181e-01
1.000000000000000000e+01,-4.592446860742805947e-01
1.002083333333333215e+01,-2.750657404914094162e-01
1.004166666666666607e+01,4.612924708004803032e-01
1.006250000000000000e+01,3.016824290582079682e-01
1.008333333333333215e+01,-4.636127733637583903e-01
1.010416666666666607e+01,-3.200561519679153144e-01
1.012500000000000000e+01,4.193153720217266400e-01
1.014583333333333215e+01,2.579643624843692140e-01
1.016666666666666607e+01,-4.545602754667406042e-01
1.018750000000000000e+01,-2.807385687981406308e-01
1.020833333333333215e+01,4.664506773073180401e-01
1.022916666666666607e+01,3.138290921629140473e-01
1.025000000000000000e+01,-4.453562518199629672e-01
1.027083333333333215e+01,-3.065689680261891592e-01
1.029166666666666607e+01,4.477589755087225676e-01
1.031250000000000000e+01,2.939108555566553038e-01
1.033333333333333215e+01,-4.738688752299293760e-01
1.035416666666666607e+01,-3.334310578777842649e-01
1.037500000000000000e+01,4.160351778277432411e-01
1.039583333333333215e+01,2.525355788617566488e-01
1.041666666666666607e+01,-4.205562016163615913e-01
1.043750000000000000e+01,-2.250550741435565216e-01
1.045833333333333215e+01,5.228392213002436284e-01
1.047916666666666607e+01,3.675230903879193045e-01
1.050000000000000000e+01,-3.989238578409829983e-01
1.052083333333333215e+01,-2.618961936232535037e-01
1.054166666666666607e+01,4.879739853618039191e-01
1.056250000000000000e+01,3.256265191164435802e-01
1.058333333333333215e+01,-4.394634283457822255e-01
1.060416666666666607e+01,-3.014981947910693183e-01
1.062500000000000000e+01,4.435887839070984939e-01
1.064583333333333215e+01,2.750868840581401908e-01
1.066666666666666607e+01,-4.883109590413437506e-01
1.068750000000000000e+01,-3.381783466443682995e-01
1.070833333333333215e+01,4.099073865759332302e-01
1.072916666666666607e+01,2.520967629226918971e-01
1.075000000000000000e+01,-4.844511900516703107e-01
1.077083333333333215e+01,-3.120114919663820041e-01
1.079166666666666607e+01,4.387504390805154197e-01
1.081250000000000000e+01,2.918351524460025548e-01
1.083333333333333215e+01,-4.668947700126874767e-01
1.085416666666666607e+01,-3.216971876098068117e-01
1.087500000000000000e+01,4.345219354120820054e-01
1.089583333333333215e+01,3.001230017752681833e-01
1.091666666666666607e+01,-4.644423599746186904e-01
1.093750000000000000e+01,-3.242753939482326264e-01
1.095833333333333215e+01,4.297320188786388773e-01
1.097916666666666607e+01,2.903235185412185726e-01
1.100000000000000000e+01,-4.494460720070732052e-01
1.102083333333333215e+01,-2.895921509303533981e-01
1.104166666666666607e+01,4.636258578573926870e-01
1.106250000000000000e+01,3.208865783359050594e-01
1.108333333333333215e+01,-4.390414230746878532e-01
1.110416666666666607e+01,-2.933374782442482176e-01
1.112500000000000000e+01,4.589932265525323851e-01
1.114583333333333215e+01,3.143119911745666517e-01
1.116666666666666607e+01,-4.504087239685352628e-01
1.118750000000000000e+01,-3.020033877791693522e-01
1.120833333333333215e+01,4.509344682606545307e-01
1.122916666666666607e+01,3.039861044391165001e-01
1.125000000000000000e+01,-4.570754977157379106e-01
1.127083333333333215e+01,-3.086023236349202947e-01
1.129166666666666607e+01,4.413203962098199984e-01
1.131250000000000000e+01,2.930270194309484433e-01
1.133333333333333215e+01,-4.685492805451756393e-01
1.135416666666666607e+01,-3.137430460007519795e-01
1.137500000000000000e+01,4.385070875121456768e-01
1.139583333333333215e+01,2.853674778147065050e-01
1.141666666666666607e+01,-4.499788564623101728e-01
1.143750000000000000e+01,-2.732413420589421271e-01
1.145833333333333215e+01,4.780647495913767364e-01
1.147916666666666607e+01,3.203865135138583842e-01
1.150000000000000000e+01,-4.378968191419915224e-01
1.152083333333333215e+01,-2.758952108677911186e-01
1.154166666666666607e+01,4.725889048762892397e-01
1.156250000000000000e+01,3.118313736800311098e-01
1.158333333333333215e+01,-4.443841728632672572e-01
1.160416666666666607e+01,-2.856045878080024636e-01
1.162500000000000000e+01,4.589444380013650848e-01
1.164583333333333215e+01,3.000899286835708724e-01
1.166666666666666607e+01,-4.570486193512637851e-01
1.168750000000000000e+01,-2.927752815227375738e-01
1.170833333333333215e+01,4.578113111555394132e-01
1.172916666666666607e+01,3.014980726771951391e-01
1.175000000000000000e+01,-4.573881067034929471e-01
1.177083333333333215e+01,-2.988325468090793913e-01
1.179166666666666607e+01,4.518194729639001261e-01
1.181250000000000000e+01,2.995370540119756120e-01
1.183333333333333215e+01,-4.606841467418951730e-01
1.185416666666666607e+01,-3.107771711275558735e-01
1.187500000000000000e+01,4.395222496550524882e-01
1.189583333333333215e+01,2.945744086863122946e-01
1.191666666666666607e+01,-4.671828761316682010e-01
1.193750000000000000e+01,-3.211253924256942116e-01
1.195833333333333215e+01,4.311768237610681398e-01
1.197916666666666607e+01,2.899402109712562736e-01
1.200000000000000000e+01,-4.705092727054989155e-01
1.202083333333333215e+01,-3.284128213805663776e-01
1.204166666666666607e+01,4.278218984979635930e-01
1.206250000000000000e+01,2.935675163978900271e-01
1.208333333333333215e+01,-4.548154197246921382e-01
1.210416666666666607e+01,-3.059177314462420694e-01
1.212500000000000000e+01,4.500898857625504901e-01
1.214583333333333215e+01,3.142212303397269313e-01
1.216666666666666607e+01,-4.502179610299278378e-01
1.218750000000000000e+01,-3.066801195523392032e-01
1.220833333333333215e+01,4.473475109014062312e-01
1.222916666666666607e+01,3.032826940761848000e-01
1.225000000000000000e+01,-4.585365412634287985e-01
1.227083333333333215e+01,-3.065535696531447307e-01
1.229166666666666607e+01,4.462016293043895576e-01
1.231250000000000000e+01,2.952990075792013003e-01
1.233333333333333215e+01,-4.427008935674269230e-01
1.235416666666666607e+01,-2.724579571646780218e-01
1.237500000000000000e+01,4.796157630586911358e-01
1.239583333333333215e+01,3.245232992763785740e-01
1.241666666666666607e+01,-4.349624273991864465e-01
1.243750000000000000e+01,-2.692815998468535144e-01
1.245833333333333215e+01,4.815555107030942694e-01
1.247916666666666607e+01,3.166935617276184223e-01
1.250000000000000000e+01,-4.391882407414385292e-01
1.252083333333333215e+01,-2.842550042940632515e-01
1.254166666666666607e+01,4.503440251284306362e-01
1.256250000000000000e+01,2.913705874109086547e-01
1.258333333333333215e+01,-4.519994668628340984e-01
1.260416666666666607e+01,-3.155914377746957822e-01
1.262500000000000000e+01,4.160652062298745846e-01
1.264583333333333215e+01,2.640026596444977613e-01
1.266666666666666607e+01,-4.365736293915297717e-01
1.268750000000000000e+01,-2.714177337652697863e-01
1.270833333333333215e+01,4.699067957968566245e-01
1.272916666666666607e+01,3.201377262473724117e-01
1.275000000000000000e+01,-4.135150489978427490e-01
1.277083333333333215e+01,-2.696882621976401939e-01
1.279166666666666607e+01,4.634602878256615099e-01
1.281250000000000000e+01,3.088349661981812377e-01
1.283333333333333215e+01,-4.349550829227476489e-01
1.285416666666666607e+01,-2.925490515260072977e-01
1.287500000000000000e+01,4.593252585071104233e-01
1.289583333333333215e+01,3.041691905193679712e-01
1.291666666666666607e+01,-4.498275898175310150e-01
1.293750000000000000e+01,-3.027080654328320741e-01
1.295833333333333215e+01,4.578791153455585294e-01
1.297916666666666607e+01,3.009826404344722039e-01
