mass_g,controller,steady_state_err_cm,trajectory_loss
4,firmwarePID,2.8699,484.7918
4,baseNN,1.8772,475.2863
4,baseNN-adapt,4.4299,499.1493
4,MAML-adapt,2.1410,486.0652
8,firmwarePID,3.9972,520.9771
8,baseNN,2.6292,483.1150
8,baseNN-adapt,8.5738,558.5760
8,MAML-adapt,2.0577,489.2769
12,firmwarePID,5.0565,572.0574
12,baseNN,2.8789,514.0648
12,baseNN-adapt,5.3938,542.9034
12,MAML-adapt,1.1972,514.1256
16,firmwarePID,6.0325,714.5209
16,baseNN,1.1416,633.7316
16,baseNN-adapt,40.4065,1636.3798
16,MAML-adapt,1.9089,609.4645
