0.000000000000000000e+00,-4.869286908392070253e-20
2.083333333333333218e-02,-1.355909804519331231e-04
4.166666666666666435e-02,-5.062129077332169595e-05
6.250000000000000000e-02,1.076059209936389757e-04
8.333333333333332871e-02,1.299560323079164501e-03
1.041666666666666574e-01,7.552202074009471341e-03
1.250000000000000000e-01,-2.441260399362167599e-02
1.458333333333333148e-01,2.549525259561383900e-02
1.666666666666666574e-01,3.678483915254239511e-02
1.875000000000000000e-01,-1.324961462744375373e-01
2.083333333333333148e-01,9.549116475064675647e-02
2.291666666666666574e-01,1.710701593958304512e-01
2.500000000000000000e-01,-4.020215615220835148e-01
2.708333333333333148e-01,8.301387724648584543e-02
2.916666666666666297e-01,5.642287623685704467e-01
3.125000000000000000e-01,-8.522258986736933051e-02
3.333333333333333148e-01,-8.647693040762337580e-01
3.541666666666666297e-01,-2.586631839859648840e-01
3.750000000000000000e-01,5.265278510254660649e-01
3.958333333333333148e-01,2.499812676615948137e-01
4.166666666666666297e-01,-4.702566713449685132e-01
4.375000000000000000e-01,1.185879036124524721e-01
4.583333333333333148e-01,6.490899085214629771e-01
4.791666666666666297e-01,-8.315457672203782624e-02
5.000000000000000000e-01,-7.711506195896142835e-01
5.208333333333332593e-01,1.909680953671216708e-02
5.416666666666666297e-01,6.912291650645862040e-01
5.625000000000000000e-01,-1.081885309245462501e-01
5.833333333333332593e-01,-6.903481902683270555e-01
6.041666666666666297e-01,1.525547323389211118e-01
6.250000000000000000e-01,7.751579932639621751e-01
6.458333333333332593e-01,-6.821725466332675958e-02
6.666666666666666297e-01,-6.761127543722244004e-01
6.875000000000000000e-01,1.604816101469528355e-01
7.083333333333332593e-01,7.093514366134666682e-01
7.291666666666666297e-01,-1.533819055750612614e-01
7.500000000000000000e-01,-7.722109296921457755e-01
7.708333333333332593e-01,5.657521837634135742e-02
7.916666666666666297e-01,7.068882469685551229e-01
8.125000000000000000e-01,9.971261052358876276e-03
8.333333333333332593e-01,-6.335873073879383366e-01
8.541666666666666297e-01,2.545267075074908458e-02
8.750000000000000000e-01,6.985293578670382919e-01
8.958333333333332593e-01,2.623895526840472336e-02
9.166666666666666297e-01,-6.551842537304619629e-01
9.375000000000000000e-01,5.632567949053510215e-02
9.583333333333332593e-01,7.605063603351529533e-01
9.791666666666666297e-01,4.977727512893581618e-02
1.000000000000000000e+00,-6.647501067808802011e-01
1.020833333333333259e+00,6.594095816019165945e-02
1.041666666666666519e+00,7.312368655989907040e-01
1.062500000000000000e+00,1.336100896924979908e-02
1.083333333333333259e+00,-6.848929046296823309e-01
1.104166666666666519e+00,-2.049846348731873547e-02
1.125000000000000000e+00,6.225113099743764256e-01
1.145833333333333259e+00,1.382973847607513185e-02
1.166666666666666519e+00,-6.735570081358800421e-01
1.187500000000000000e+00,-7.185185475645579356e-02
1.208333333333333259e+00,5.401915225341960003e-01
1.229166666666666519e+00,-6.792681678645701160e-02
1.250000000000000000e+00,-6.896665245279884893e-01
1.270833333333333259e+00,-4.491975798429351241e-02
1.291666666666666519e+00,6.922857935184031364e-01
1.312500000000000000e+00,1.827019915517763549e-02
1.333333333333333259e+00,-7.078964202533400973e-01
1.354166666666666519e+00,1.923694487084554039e-02
1.375000000000000000e+00,7.350528275080175922e-01
1.395833333333333259e+00,-4.862409526252553515e-03
1.416666666666666519e+00,-7.669500741801063004e-01
1.437500000000000000e+00,2.999368867577251185e-02
1.458333333333333259e+00,7.943237539824988813e-01
1.479166666666666519e+00,-1.169311454263444183e-02
1.500000000000000000e+00,-8.440961297841409472e-01
1.520833333333333259e+00,2.018885733160324936e-02
1.541666666666666519e+00,8.605534410979462923e-01
1.562500000000000000e+00,1.141021557471658121e-02
1.583333333333333259e+00,-8.660991386728400521e-01
1.604166666666666519e+00,1.727894433477059066e-02
1.625000000000000000e+00,8.676640708444822714e-01
1.645833333333333259e+00,5.698802503454514223e-02
1.666666666666666519e+00,-8.330643753757149828e-01
1.687500000000000000e+00,5.400300079204573001e-02
1.708333333333333259e+00,8.848559555804501597e-01
1.729166666666666519e+00,3.826095401627566117e-02
1.750000000000000000e+00,-8.320492254983998803e-01
1.770833333333333259e+00,2.898134483578163056e-02
1.791666666666666519e+00,8.123788933124318490e-01
1.812500000000000000e+00,-1.604331944724360359e-02
1.833333333333333259e+00,-8.542232547513645136e-01
1.854166666666666519e+00,-5.177738311604701549e-03
1.875000000000000000e+00,7.871166996329816978e-01
1.895833333333333259e+00,-1.478523597886946539e-02
1.916666666666666519e+00,-8.114970309871678555e-01
1.937500000000000000e+00,-4.496626371676942791e-03
1.958333333333333259e+00,7.491969754292786554e-01
1.979166666666666519e+00,-2.106476103760715479e-02
2.000000000000000000e+00,-7.754609215204182338e-01
2.020833333333333037e+00,-2.562269826736832123e-02
2.041666666666666519e+00,6.999482857272161240e-01
2.062500000000000000e+00,-3.940658722594833629e-02
2.083333333333333037e+00,-7.809654744788221414e-01
2.104166666666666519e+00,-6.574923068996801900e-02
2.125000000000000000e+00,6.766836710128310006e-01
2.145833333333333037e+00,-5.317382550792829066e-02
2.166666666666666519e+00,-7.873981401821088522e-01
2.187500000000000000e+00,-7.764957094590918540e-02
2.208333333333333037e+00,6.704530829567210137e-01
2.229166666666666519e+00,-6.090624087131688014e-02
2.250000000000000000e+00,-7.928112949097880779e-01
2.270833333333333037e+00,-5.381849173329800173e-02
2.291666666666666519e+00,7.015841676740491861e-01
2.312500000000000000e+00,-3.688563278012599311e-02
2.333333333333333037e+00,-7.565683723527018012e-01
2.354166666666666519e+00,1.205662303093557597e-02
2.375000000000000000e+00,7.751322550793553479e-01
2.395833333333333037e+00,2.840330533846149863e-02
2.416666666666666519e+00,-7.308654213019539769e-01
2.437500000000000000e+00,3.869525708819737675e-02
2.458333333333333037e+00,7.834060247294543089e-01
2.479166666666666519e+00,3.649090417127753838e-02
2.500000000000000000e+00,-7.220385111752629648e-01
2.520833333333333037e+00,4.596116889085880008e-02
2.541666666666666519e+00,7.796169569701102420e-01
2.562500000000000000e+00,2.662546844288937731e-02
2.583333333333333037e+00,-7.318206140099096091e-01
2.604166666666666519e+00,3.193047986901420554e-02
2.625000000000000000e+00,7.641225900981309938e-01
2.645833333333333037e+00,5.284228929025830412e-03
2.666666666666666519e+00,-7.424144798428919945e-01
2.687500000000000000e+00,4.134849078114063992e-02
2.708333333333333037e+00,7.713387774647642026e-01
2.729166666666666519e+00,7.512945369348850155e-03
2.750000000000000000e+00,-7.524500215793763491e-01
2.770833333333333037e+00,1.322808892863405750e-02
2.791666666666666519e+00,7.501529847672840923e-01
2.812500000000000000e+00,-1.249723886127884764e-02
2.833333333333333037e+00,-7.633230240493784624e-01
2.854166666666666519e+00,-1.276948412463313476e-02
2.875000000000000000e+00,7.362051003966014751e-01
2.895833333333333037e+00,-3.483120664457381443e-02
2.916666666666666519e+00,-7.989195694112724011e-01
2.937500000000000000e+00,-4.647338213825211173e-02
2.958333333333333037e+00,7.095627482204722725e-01
2.979166666666666519e+00,-7.682836470281095842e-02
3.000000000000000000e+00,-8.564421297754105655e-01
3.020833333333333037e+00,-8.560767999202995027e-02
3.041666666666666519e+00,6.881394450811681995e-01
3.062500000000000000e+00,-9.356082689855535484e-02
3.083333333333333037e+00,-6.214562793657347761e-01
3.104166666666666519e+00,1.561175538267160767e-01
3.125000000000000000e+00,9.313503549774992951e-01
3.145833333333333037e+00,1.293000177765802894e-01
3.166666666666666519e+00,-6.700950801600704665e-01
3.187500000000000000e+00,1.029010377038401813e-01
3.208333333333333037e+00,8.275708044456892010e-01
3.229166666666666519e+00,3.463294106228737013e-02
3.250000000000000000e+00,-7.366852090455637825e-01
3.270833333333333037e+00,2.473600117872923332e-02
3.291666666666666519e+00,7.842791055817277535e-01
3.312500000000000000e+00,1.261154257715915716e-02
3.333333333333333037e+00,-7.439037503361614068e-01
3.354166666666666519e+00,3.531107767004521003e-03
3.375000000000000000e+00,7.606266423455420034e-01
3.395833333333333037e+00,-1.059738741201993184e-02
3.416666666666666519e+00,-7.595581405140067188e-01
3.437500000000000000e+00,-1.223839306320420595e-02
3.458333333333333037e+00,7.471357425663285312e-01
3.479166666666666519e+00,-2.298230542534579479e-02
3.500000000000000000e+00,-7.591292107959204394e-01
3.520833333333333037e+00,-8.708429228727998517e-03
3.541666666666666519e+00,7.529955787683073609e-01
3.562500000000000000e+00,-1.752970070492204657e-02
3.583333333333333037e+00,-7.570680860836269677e-01
3.604166666666666519e+00,-1.959757213416318811e-03
3.625000000000000000e+00,7.643061605942814696e-01
3.645833333333333037e+00,-9.208531893204474628e-04
3.666666666666666519e+00,-7.412242314222210471e-01
3.687500000000000000e+00,1.414529307893486187e-02
3.708333333333333037e+00,7.731587410565869956e-01
3.729166666666666519e+00,-1.564164667555989485e-03
3.750000000000000000e+00,-7.357283494842986604e-01
3.770833333333333037e+00,1.980342767885490129e-02
3.791666666666666519e+00,7.788140641599798908e-01
3.812500000000000000e+00,7.379912216032846750e-03
3.833333333333333037e+00,-7.278229166043241882e-01
3.854166666666666519e+00,3.151540550783366035e-02
3.875000000000000000e+00,7.197943749928303880e-01
3.895833333333333037e+00,-6.289444389101922495e-02
3.916666666666666519e+00,-7.958412603067018809e-01
3.937500000000000000e+00,-3.218987094248085268e-02
3.958333333333333037e+00,7.243173476836696212e-01
3.979166666666666519e+00,-3.689109650931898798e-02
4.000000000000000000e+00,-7.704710504063116971e-01
4.020833333333333037e+00,-1.202935813563338341e-02
4.041666666666666075e+00,7.457799760297406655e-01
4.062500000000000000e+00,1.006977690614088705e-02
4.083333333333333037e+00,-7.224763845761584813e-01
4.104166666666666075e+00,2.695549555821344367e-02
4.125000000000000000e+00,7.788758964187413314e-01
4.145833333333333037e+00,4.272783155807433064e-02
4.166666666666666075e+00,-6.953210547558751342e-01
4.187500000000000000e+00,6.912493000518898922e-02
4.208333333333333037e+00,6.728208810582331223e-01
4.229166666666666075e+00,-7.115862947461132348e-02
4.250000000000000000e+00,-8.117808506911207145e-01
4.270833333333333037e+00,-5.012411725448262523e-02
4.291666666666666075e+00,7.077181277268210779e-01
4.312500000000000000e+00,-2.730410455625370547e-02
4.333333333333333037e+00,-7.588805167758115866e-01
4.354166666666666075e+00,-7.903337657780923342e-03
4.375000000000000000e+00,7.435927747087822670e-01
4.395833333333333037e+00,1.235934615736805631e-02
4.416666666666666075e+00,-7.298094774284723529e-01
4.437500000000000000e+00,2.689782263895035275e-02
4.458333333333333037e+00,7.821242586095584759e-01
4.479166666666666075e+00,4.689554714784541223e-02
4.500000000000000000e+00,-6.868090400952482355e-01
4.520833333333333037e+00,6.658963793363539829e-02
4.541666666666666075e+00,7.146632662848628748e-01
4.562500000000000000e+00,-2.718699307157257383e-02
4.583333333333333037e+00,-7.726553491628062043e-01
4.604166666666666075e+00,-5.037101634699781005e-03
4.625000000000000000e+00,7.689038734246678164e-01
4.645833333333333037e+00,1.786275503689976896e-02
4.666666666666666075e+00,-7.313019962606411850e-01
4.687500000000000000e+00,4.140554679903607482e-02
4.708333333333333037e+00,7.698419938950473718e-01
4.729166666666666075e+00,2.240069236970695932e-02
4.750000000000000000e+00,-7.219905187843729255e-01
4.770833333333333037e+00,3.936592072391023600e-02
4.791666666666666075e+00,6.836572267492561084e-01
4.812500000000000000e+00,-5.697867862951500051e-02
4.833333333333333037e+00,-8.056532801403564203e-01
4.854166666666666075e+00,-4.551293706917719506e-02
4.875000000000000000e+00,7.133651437783359306e-01
4.895833333333333037e+00,-2.478327490276865941e-02
4.916666666666666075e+00,-7.616196506690079415e-01
4.937500000000000000e+00,-4.414288199096616516e-03
4.958333333333333037e+00,7.489919836246188289e-01
4.979166666666666075e+00,1.764917884663547154e-02
5.000000000000000000e+00,-7.080398670782255266e-01
5.020833333333333037e+00,3.386251639409038061e-02
5.041666666666666075e+00,7.766564884725198903e-01
5.062500000000000000e+00,5.762140566877799186e-02
5.083333333333333037e+00,-6.749698194079768454e-01
5.104166666666666075e+00,6.348398488550913155e-02
5.125000000000000000e+00,6.271917818871335371e-01
5.145833333333333037e+00,-8.796407663326269444e-02
5.166666666666666075e+00,-8.048449723910287013e-01
5.187500000000000000e+00,-7.252597363168208910e-02
5.208333333333333037e+00,6.719039053833613107e-01
5.229166666666666075e+00,-4.878081177240933819e-02
5.250000000000000000e+00,-7.976526595358157667e-01
5.270833333333333037e+00,-4.862981607762706382e-02
5.291666666666666075e+00,7.033189198234989226e-01
5.312500000000000000e+00,-4.212672527562408287e-02
5.333333333333333037e+00,-8.126971624529814031e-01
5.354166666666666075e+00,-4.480334520444939628e-02
5.375000000000000000e+00,6.970873430644626279e-01
5.395833333333333037e+00,-4.682533288198240107e-02
5.416666666666666075e+00,-7.970565947447418864e-01
5.437500000000000000e+00,-3.198849974228729076e-02
5.458333333333333037e+00,7.135737353478741607e-01
5.479166666666666075e+00,-3.496711414142608665e-02
5.500000000000000000e+00,-7.828950589293890427e-01
5.520833333333333037e+00,-7.477047642365647340e-03
5.541666666666666075e+00,7.519709373651360940e-01
5.562500000000000000e+00,1.340225277255496783e-03
5.583333333333333037e+00,-7.406241271223702460e-01
5.604166666666666075e+00,3.121861829675551259e-02
5.625000000000000000e+00,7.934582077956113810e-01
5.645833333333333037e+00,3.823751356522839262e-02
5.666666666666666075e+00,-7.046849136311451600e-01
5.687500000000000000e+00,6.109245948756217293e-02
5.708333333333333037e+00,8.343179367092597998e-01
5.729166666666666075e+00,9.796449300763018786e-02
5.750000000000000000e+00,-6.597464085028617031e-01
5.770833333333333037e+00,8.895368167969924800e-02
5.791666666666666075e+00,8.587429122031829953e-01
5.812500000000000000e+00,1.310244543261557260e-01
5.833333333333333037e+00,-6.318158817790304749e-01
5.854166666666666075e+00,8.781067282441640254e-02
5.875000000000000000e+00,5.672996455799781401e-01
5.895833333333333037e+00,-1.585269314032687893e-01
5.916666666666666075e+00,-9.229006353943156604e-01
5.937500000000000000e+00,-1.778140402070317871e-01
5.958333333333333037e+00,6.131893671021356740e-01
5.979166666666666075e+00,-1.100877823482175610e-01
6.000000000000000000e+00,-6.440460801701274329e-01
6.020833333333333037e+00,9.764585510977907834e-02
6.041666666666666075e+00,8.913926206772250227e-01
6.062500000000000000e+00,1.706205450038938420e-01
6.083333333333333037e+00,-5.995646169811057469e-01
6.104166666666666075e+00,1.302842882352504006e-01
6.125000000000000000e+00,5.826732143923243346e-01
6.145833333333333037e+00,-1.454690933221630122e-01
6.166666666666666075e+00,-8.815103084926558807e-01
6.187500000000000000e+00,-1.366440780099401342e-01
6.208333333333333037e+00,6.507534815343196666e-01
6.229166666666666075e+00,-8.274684840322482637e-02
6.250000000000000000e+00,-7.194929434443658733e-01
6.270833333333333037e+00,4.556574203403176981e-02
6.291666666666666075e+00,8.087141933310026953e-01
6.312500000000000000e+00,5.510016171164439092e-02
6.333333333333333037e+00,-6.774099735282207435e-01
6.354166666666666075e+00,9.870778649425002160e-02
6.375000000000000000e+00,8.452839906963847127e-01
6.395833333333333037e+00,7.669689838737470122e-02
6.416666666666666075e+00,-6.552911604153217606e-01
6.437500000000000000e+00,1.087382795181175421e-01
6.458333333333333037e+00,6.618056994364113210e-01
6.479166666666666075e+00,-1.206813199171460071e-01
6.500000000000000000e+00,-8.638313797652187320e-01
6.520833333333333037e+00,-9.846341463926566728e-02
6.541666666666666075e+00,6.777874193280220005e-01
6.562500000000000000e+00,-9.718621830640294945e-02
6.583333333333333037e+00,-8.442162568568180037e-01
6.604166666666666075e+00,-7.781143023192174657e-02
6.625000000000000000e+00,7.041936514242720380e-01
6.645833333333333037e+00,-6.614833807709544211e-02
6.666666666666666075e+00,-7.312394000167624641e-01
6.687500000000000000e+00,2.426239666339075063e-02
6.708333333333333037e+00,8.060772249425984803e-01
6.729166666666666075e+00,3.668934181443694875e-02
6.750000000000000000e+00,-7.203547187455856537e-01
6.770833333333333037e+00,2.734742126502390236e-02
6.791666666666666075e+00,8.145522100127741139e-01
6.812500000000000000e+00,4.672747986095668327e-02
6.833333333333333037e+00,-7.170649822656476324e-01
6.854166666666666075e+00,3.115570201570824760e-02
6.875000000000000000e+00,8.242080150227178992e-01
6.895833333333333037e+00,5.560286070412442938e-02
6.916666666666666075e+00,-7.084541288493194644e-01
6.937500000000000000e+00,3.889964192354347650e-02
6.958333333333333037e+00,8.211360037323662819e-01
6.979166666666666075e+00,5.272559375280677640e-02
7.000000000000000000e+00,-6.964376294762604225e-01
7.020833333333333037e+00,5.312529031589111050e-02
7.041666666666666075e+00,7.348502926995197360e-01
7.062500000000000000e+00,-3.980408884146272031e-02
7.083333333333333037e+00,-7.805121533794742161e-01
7.104166666666666075e+00,-2.177872657714469140e-02
7.125000000000000000e+00,7.420446433436871381e-01
7.145833333333333037e+00,-3.237658037473808981e-02
7.166666666666666075e+00,-7.686455715811815192e-01
7.187500000000000000e+00,-1.489035694092144535e-03
7.208333333333333037e+00,7.448572072968883129e-01
7.229166666666666075e+00,-4.321648601935207390e-02
7.250000000000000000e+00,-7.772312281577378190e-01
7.270833333333333037e+00,-1.719512510861942456e-02
7.291666666666666075e+00,7.483266988591038560e-01
7.312500000000000000e+00,-2.905442113142223115e-02
7.333333333333333037e+00,-7.786489405976262379e-01
7.354166666666666075e+00,-2.062930146387659258e-02
7.375000000000000000e+00,7.514508956935535000e-01
7.395833333333333037e+00,-2.085073974679763076e-02
7.416666666666666075e+00,-7.673653724992477443e-01
7.437500000000000000e+00,-3.321210810797198265e-03
7.458333333333333037e+00,7.580474933923407876e-01
7.479166666666666075e+00,-1.477018894162435148e-02
7.500000000000000000e+00,-7.575591725126595843e-01
7.520833333333333037e+00,1.184480116565828078e-03
7.541666666666666075e+00,7.669527758187175692e-01
7.562500000000000000e+00,-9.325210520761101352e-03
7.583333333333333037e+00,-7.508401102023721796e-01
7.604166666666666075e+00,2.324017405402722947e-03
7.625000000000000000e+00,7.711705906494767948e-01
7.645833333333333037e+00,-3.011409438546330808e-03
7.666666666666666075e+00,-7.512511606548569754e-01
7.687500000000000000e+00,3.626686638736748014e-03
7.708333333333333037e+00,7.802174758344611050e-01
7.729166666666666075e+00,9.874069323527412401e-03
7.750000000000000000e+00,-7.450554647828147026e-01
7.770833333333333037e+00,6.679582352113910826e-03
7.791666666666666075e+00,7.842283990723173392e-01
7.812500000000000000e+00,1.889656807702783103e-02
7.833333333333333037e+00,-7.338263357542059717e-01
7.854166666666666075e+00,1.041579007048376582e-02
7.875000000000000000e+00,7.871305489460114213e-01
7.895833333333333037e+00,2.001017323323639463e-02
7.916666666666666075e+00,-7.322188847902019182e-01
7.937500000000000000e+00,1.861220572821839503e-02
7.958333333333333037e+00,7.966906333197045775e-01
7.979166666666666075e+00,2.836903714041108526e-02
8.000000000000000000e+00,-7.242590458974582646e-01
8.020833333333332149e+00,3.332266296373775916e-02
8.041666666666666075e+00,7.181863141020340402e-01
8.062500000000000000e+00,-6.278187603274271167e-02
8.083333333333332149e+00,-8.011960430026895397e-01
8.104166666666666075e+00,-3.386084381168436019e-02
8.125000000000000000e+00,7.245668476817233028e-01
8.145833333333332149e+00,-4.593685125504215483e-02
8.166666666666666075e+00,-7.735287915207654796e-01
8.187500000000000000e+00,-1.544013528306903416e-02
8.208333333333332149e+00,7.216746387403120133e-01
8.229166666666666075e+00,-4.234748563495094320e-03
8.250000000000000000e+00,-7.309531446015087308e-01
8.270833333333332149e+00,1.523978934015379760e-02
8.291666666666666075e+00,7.588023074556049519e-01
8.312500000000000000e+00,3.542914887337791918e-02
8.333333333333332149e+00,-6.854362738339466743e-01
8.354166666666666075e+00,5.450900842174644101e-02
8.375000000000000000e+00,7.289266884060285889e-01
8.395833333333332149e+00,3.433451926318747960e-03
8.416666666666666075e+00,-7.430735882814940574e-01
8.437500000000000000e+00,7.124693465203030263e-03
8.458333333333332149e+00,7.499383375554583564e-01
8.479166666666666075e+00,1.452966055322904571e-02
8.500000000000000000e+00,-7.528691700438808754e-01
8.520833333333332149e+00,1.247103959006612417e-02
8.541666666666666075e+00,7.612360140084657445e-01
8.562500000000000000e+00,1.676312706655147533e-02
8.583333333333332149e+00,-7.513616794456042802e-01
8.604166666666666075e+00,2.006438406964697330e-02
8.625000000000000000e+00,7.556109488562321452e-01
8.645833333333332149e+00,8.316848012502098264e-03
8.666666666666666075e+00,-7.515637236863610404e-01
8.687500000000000000e+00,1.442025950839517789e-02
8.708333333333332149e+00,7.409629972791145214e-01
8.729166666666666075e+00,-6.734175290588895191e-03
8.750000000000000000e+00,-7.580487124285142375e-01
8.770833333333332149e+00,1.481588503024086623e-02
8.791666666666666075e+00,7.424534157794656641e-01
8.812500000000000000e+00,-2.941966121852962468e-03
8.833333333333332149e+00,-7.443196876447044641e-01
8.854166666666666075e+00,2.199146676968011249e-02
8.875000000000000000e+00,7.108130161539374381e-01
8.895833333333332149e+00,-4.084872394031824339e-02
8.916666666666666075e+00,-7.807201038043536379e-01
8.937500000000000000e+00,1.629493001188531132e-03
8.958333333333332149e+00,7.320471125681411451e-01
8.979166666666666075e+00,-2.303285729822213135e-02
9.000000000000000000e+00,-7.672440923501004928e-01
9.020833333333332149e+00,6.105869827705528996e-03
9.041666666666666075e+00,7.361197616028571922e-01
9.062500000000000000e+00,-3.486523466316004960e-03
9.083333333333332149e+00,-7.517502202874384309e-01
9.104166666666666075e+00,1.169874935726233911e-03
9.125000000000000000e+00,7.411452299991372339e-01
9.145833333333332149e+00,9.356958123594383281e-03
9.166666666666666075e+00,-7.576407768557343880e-01
9.187500000000000000e+00,-1.393445376510205058e-03
9.208333333333332149e+00,7.513618051126824682e-01
9.229166666666666075e+00,1.568238009284070311e-02
9.250000000000000000e+00,-7.584015306988792782e-01
9.270833333333332149e+00,1.624926194212478192e-03
9.291666666666666075e+00,7.525512789776663825e-01
9.312500000000000000e+00,1.773214436407402617e-02
9.333333333333332149e+00,-7.499149246226020082e-01
9.354166666666666075e+00,4.039784063695928129e-03
9.375000000000000000e+00,7.471533461102601859e-01
9.395833333333332149e+00,1.833129816677714352e-02
9.416666666666666075e+00,-7.406430752989590083e-01
9.437500000000000000e+00,5.208275087373009926e-03
9.458333333333332149e+00,7.425404757598589311e-01
9.479166666666666075e+00,8.169142986457489375e-03
9.500000000000000000e+00,-7.566569847287224482e-01
9.520833333333332149e+00,-4.333524722798770545e-03
9.541666666666666075e+00,7.399204615409389341e-01
9.562500000000000000e+00,1.391348344350643029e-02
9.583333333333332149e+00,-7.471132273839592441e-01
9.604166666666666075e+00,-1.554817573333755476e-03
9.625000000000000000e+00,7.377837779928178019e-01
9.645833333333332149e+00,-5.695266464952081220e-03
9.666666666666666075e+00,-7.630764364863011906e-01
9.687500000000000000e+00,-1.395227374762492145e-02
9.708333333333332149e+00,7.226174534833782470e-01
9.729166666666666075e+00,-3.042948509555934433e-02
9.750000000000000000e+00,-7.817799656976843758e-01
9.770833333333332149e+00,-4.850377403886430017e-02
9.791666666666666075e+00,6.850720254319937474e-01
9.812500000000000000e+00,-7.224056721623606236e-02
9.833333333333332149e+00,-8.298903069999350457e-01
9.854166666666666075e+00,-9.093930888242426902e-02
9.875000000000000000e+00,6.480771902977680021e-01
9.895833333333332149e+00,-1.149723846827643836e-01
9.916666666666666075e+00,-7.915218105880866828e-01
9.937500000000000000e+00,-5.026493011896579488e-02
9.958333333333332149e+00,6.877716450284108163e-01
9.979166666666666075e+00,-7.071581031902773873e-02
1.000000000000000000e+01,-7.174706109112103380e-01
1.002083333333333215e+01,2.064945337384144208e-02
1.004166666666666607e+01,7.617176576724258297e-01
1.006250000000000000e+01,-4.851406939448243971e-03
1.008333333333333215e+01,-7.726756302019868183e-01
1.010416666666666607e+01,-2.414965665898710645e-02
1.012500000000000000e+01,7.252298181255500964e-01
1.014583333333333215e+01,-4.935162140962401356e-02
1.016666666666666607e+01,-7.380427160896447791e-01
1.018750000000000000e+01,1.111084505365758646e-02
1.020833333333333215e+01,7.743762750102535231e-01
1.022916666666666607e+01,8.289248104734386891e-03
1.025000000000000000e+01,-7.521341210064189653e-01
1.027083333333333215e+01,-8.752771402120690380e-03
1.029166666666666607e+01,7.514701568055699443e-01
1.031250000000000000e+01,-1.227804243973673604e-02
1.033333333333333215e+01,-7.804067857607108749e-01
1.035416666666666607e+01,-3.017514034898871600e-02
1.037500000000000000e+01,7.135538412863805524e-01
1.039583333333333215e+01,-5.336431134988467440e-02
1.041666666666666607e+01,-6.689925457672273312e-01
1.043750000000000000e+01,7.157875123412441032e-02
1.045833333333333215e+01,8.230013158592300870e-01
1.047916666666666607e+01,6.727520229308001087e-02
1.050000000000000000e+01,-7.096332771591892241e-01
1.052083333333333215e+01,3.698569413437105546e-02
1.054166666666666607e+01,7.854013565737433256e-01
1.056250000000000000e+01,1.671728629541555100e-02
1.058333333333333215e+01,-7.449408391419795050e-01
1.060416666666666607e+01,9.744060796448489326e-03
1.062500000000000000e+01,7.407391756666672489e-01
1.064583333333333215e+01,-4.541087656788489468e-02
1.066666666666666607e+01,-7.881713935552046024e-01
1.068750000000000000e+01,-2.736292854555638643e-02
1.070833333333333215e+01,6.949041849569903562e-01
1.072916666666666607e+01,-5.843744276014953276e-02
1.075000000000000000e+01,-7.594191750568455301e-01
1.077083333333333215e+01,-1.154418761581454955e-02
1.079166666666666607e+01,7.264505136189179924e-01
1.081250000000000000e+01,-4.222085088526339458e-03
1.083333333333333215e+01,-7.697125457254199166e-01
1.085416666666666607e+01,-2.026978036739379707e-02
1.087500000000000000e+01,7.364562950584161438e-01
1.089583333333333215e+01,9.028351050292260371e-03
1.091666666666666607e+01,-7.645582943588753455e-01
1.093750000000000000e+01,-2.000935933591582727e-02
1.095833333333333215e+01,7.260409970672508928e-01
1.097916666666666607e+01,-1.848863986084275934e-03
1.100000000000000000e+01,-7.336787077538697854e-01
1.102083333333333215e+01,1.560535098713666802e-02
1.104166666666666607e+01,7.632320085354703521e-01
1.106250000000000000e+01,2.750689714205709069e-02
1.108333333333333215e+01,-7.457489139081200369e-01
1.110416666666666607e+01,1.028988220130136466e-02
1.112500000000000000e+01,7.597949255359818244e-01
1.114583333333333215e+01,1.836726606433800035e-02
1.116666666666666607e+01,-7.501223375365015933e-01
1.118750000000000000e+01,5.494337416667605112e-03
1.120833333333333215e+01,7.476545691850378095e-01
1.122916666666666607e+01,8.704918426974322943e-03
1.125000000000000000e+01,-7.585387345712630847e-01
1.127083333333333215e+01,-3.342634315590564675e-03
1.129166666666666607e+01,7.369082658217154247e-01
1.131250000000000000e+01,-3.054002217688284171e-03
1.133333333333333215e+01,-7.596353415527239417e-01
1.135416666666666607e+01,-2.594591000162876915e-03
1.137500000000000000e+01,7.254592833995978651e-01
1.139583333333333215e+01,-1.194947424777340061e-02
1.141666666666666607e+01,-7.186531285073174402e-01
1.143750000000000000e+01,3.956346630216905913e-02
1.145833333333333215e+01,7.635209061466080582e-01
1.147916666666666607e+01,2.131359457170517446e-02
1.150000000000000000e+01,-7.264107307636444855e-01
1.152083333333333215e+01,3.567336288725919680e-02
1.154166666666666607e+01,7.619035505663289687e-01
1.156250000000000000e+01,1.121943165597572012e-02
1.158333333333333215e+01,-7.385027706005441450e-01
1.160416666666666607e+01,2.125722973453791909e-02
1.162500000000000000e+01,7.487996508488125036e-01
1.164583333333333215e+01,-8.443073358667951833e-04
1.166666666666666607e+01,-7.475228967965908966e-01
1.168750000000000000e+01,1.729879544111814771e-02
1.170833333333333215e+01,7.412329132130648368e-01
1.172916666666666607e+01,4.455721021917602442e-04
1.175000000000000000e+01,-7.488201022206972812e-01
1.177083333333333215e+01,8.705797731463627009e-03
1.179166666666666607e+01,7.393374335554516730e-01
1.181250000000000000e+01,1.306890996576548503e-03
1.183333333333333215e+01,-7.599267003300740342e-01
1.185416666666666607e+01,-6.609231079193200742e-03
1.187500000000000000e+01,7.352196446372510907e-01
1.189583333333333215e+01,-5.584945487561721045e-04
1.191666666666666607e+01,-7.693125123260201592e-01
1.193750000000000000e+01,-1.719564475635096401e-02
1.195833333333333215e+01,7.305984046320759262e-01
1.197916666666666607e+01,-2.468930767625304723e-03
1.200000000000000000e+01,-7.781123762165012003e-01
1.202083333333333215e+01,-2.637383768353668279e-02
1.204166666666666607e+01,7.301970661008141406e-01
1.206250000000000000e+01,1.834496973631777328e-03
1.208333333333333215e+01,-7.425351446217514084e-01
1.210416666666666607e+01,-3.459929875996498039e-03
1.212500000000000000e+01,7.457451642530181779e-01
1.214583333333333215e+01,2.440291290784141198e-02
1.216666666666666607e+01,-7.408355057326537763e-01
1.218750000000000000e+01,1.167157527278195328e-03
1.220833333333333215e+01,7.395706838742435174e-01
1.222916666666666607e+01,1.029140099974654166e-02
1.225000000000000000e+01,-7.515314821978392734e-01
1.227083333333333215e+01,2.915548299043529967e-03
1.229166666666666607e+01,7.420083305159107523e-01
1.231250000000000000e+01,-1.654724696336595802e-03
1.233333333333333215e+01,-7.301114028140566203e-01
1.235416666666666607e+01,3.761296112513420886e-02
1.237500000000000000e+01,7.755098937412676641e-01
1.239583333333333215e+01,2.543173235952603251e-02
1.241666666666666607e+01,-7.284322986980318326e-01
1.243750000000000000e+01,4.635862172944207882e-02
1.245833333333333215e+01,7.727150820416650578e-01
1.247916666666666607e+01,1.394483086940828676e-02
1.250000000000000000e+01,-7.326368684619936067e-01
1.252083333333333215e+01,1.937586247356845592e-02
1.254166666666666607e+01,7.352285605047570449e-01
1.256250000000000000e+01,-4.217757032790814264e-03
1.258333333333333215e+01,-7.458284930952973069e-01
1.260416666666666607e+01,-3.058350511769694635e-02
1.262500000000000000e+01,7.085010642615707788e-01
1.264583333333333215e+01,-1.955922643105784120e-02
1.266666666666666607e+01,-7.058472097377965770e-01
1.268750000000000000e+01,3.434658610930174660e-04
1.270833333333333215e+01,7.693180628067338711e-01
1.272916666666666607e+01,4.115725855580795733e-02
1.275000000000000000e+01,-7.015992382931550697e-01
1.277083333333333215e+01,1.110597667242391173e-02
1.279166666666666607e+01,7.561831980660616015e-01
1.281250000000000000e+01,1.274558113421322969e-02
1.283333333333333215e+01,-7.320452011169590323e-01
1.285416666666666607e+01,1.503382811123360474e-03
1.287500000000000000e+01,7.663095256086451812e-01
1.289583333333333215e+01,-1.087919943497939190e-04
1.291666666666666607e+01,-7.468188732474181357e-01
1.293750000000000000e+01,1.033200897772479365e-03
1.295833333333333215e+01,7.681172936539922835e-01
1.297916666666666607e+01,-9.451963406214042296e-03
